<?xml version="1.0" encoding="UTF-8"?>
<sbml xmlns="http://www.sbml.org/sbml/level3/version2/core" level="3" version="2">
  <model id="combined_model_of__combined_model_of__external_environment_model_combined_model_of__ahl_membrane_combined_model_of__biocrnpyler_392656" substanceUnits="mole" timeUnits="second" volumeUnits="litre" areaUnits="square_metre" lengthUnits="metre" extentUnits="mole">
    <listOfUnitDefinitions>
      <unitDefinition id="square_metre">
        <listOfUnits>
          <unit kind="metre" exponent="2" scale="0" multiplier="1"/>
        </listOfUnits>
      </unitDefinition>
      <unitDefinition id="per_second">
        <listOfUnits>
          <unit kind="second" exponent="-1" scale="0" multiplier="1"/>
        </listOfUnits>
      </unitDefinition>
      <unitDefinition id="substance">
        <listOfUnits>
          <unit kind="dimensionless" exponent="1" scale="0" multiplier="1"/>
        </listOfUnits>
      </unitDefinition>
    </listOfUnitDefinitions>
    <listOfCompartments>
      <compartment id="liposome_2_external_combined" name="liposome_2_external" spatialDimensions="3" size="5e-06" units="litre" constant="true"/>
      <compartment id="liposome_2_internal_combined" name="liposome_2_internal" spatialDimensions="3" size="4e-06" units="litre" constant="true"/>
    </listOfCompartments>
    <listOfSpecies>
      <species id="PTVA_external_environment_model_1_combined" name="PTVA" compartment="liposome_2_external_combined" initialConcentration="0" substanceUnits="substance" hasOnlySubstanceUnits="false" boundaryCondition="false" constant="false"/>
      <species id="PTDVA_external_environment_model_1_combined" name="PTDVA" compartment="liposome_2_external_combined" initialConcentration="0" substanceUnits="substance" hasOnlySubstanceUnits="false" boundaryCondition="false" constant="false"/>
      <species id="enzyme_VioC_biocrnpyler_392656" name="enzyme_VioC" compartment="liposome_2_internal_combined" initialConcentration="0" hasOnlySubstanceUnits="false" boundaryCondition="false" constant="false"/>
      <species id="protein_RNAP_biocrnpyler_392656" name="protein_RNAP" compartment="liposome_2_internal_combined" initialConcentration="3" hasOnlySubstanceUnits="false" boundaryCondition="false" constant="false"/>
      <species id="protein_RNAase_biocrnpyler_392656" name="protein_RNAase" compartment="liposome_2_internal_combined" initialConcentration="6" hasOnlySubstanceUnits="false" boundaryCondition="false" constant="false"/>
      <species id="transcript_vioC_biocrnpyler_392656" name="transcript_vioC" compartment="liposome_2_internal_combined" initialConcentration="0" hasOnlySubstanceUnits="false" boundaryCondition="false" constant="false"/>
      <species id="protein_Ribo_biocrnpyler_392656" name="protein_Ribo" compartment="liposome_2_internal_combined" initialConcentration="24" hasOnlySubstanceUnits="false" boundaryCondition="false" constant="false"/>
      <species id="complex_protein_RNAase_transcript_vioC_biocrnpyler_392656" name="complex_protein_RNAase_transcript_vioC" compartment="liposome_2_internal_combined" initialConcentration="0" hasOnlySubstanceUnits="false" boundaryCondition="false" constant="false"/>
      <species id="complex_protein_Ribo_transcript_vioC_biocrnpyler_392656" name="complex_protein_Ribo_transcript_vioC" compartment="liposome_2_internal_combined" initialConcentration="0" hasOnlySubstanceUnits="false" boundaryCondition="false" constant="false"/>
      <species id="complex_dna_dna_vioC_protein_RNAP_biocrnpyler_392656" name="complex_dna_dna_vioC_protein_RNAP" compartment="liposome_2_internal_combined" initialConcentration="0" hasOnlySubstanceUnits="false" boundaryCondition="false" constant="false"/>
      <species id="dna_dna_vioC_biocrnpyler_392656" name="dna_dna_vioC" compartment="liposome_2_internal_combined" initialConcentration="0" hasOnlySubstanceUnits="false" boundaryCondition="false" constant="false"/>
      <species id="PTVA_1_1_combined" name="PTVA" compartment="liposome_2_internal_combined" initialConcentration="0" hasOnlySubstanceUnits="false" boundaryCondition="false" constant="false"/>
      <species id="V_biocrnpyler_392656" name="V" compartment="liposome_2_internal_combined" initialConcentration="0" hasOnlySubstanceUnits="false" boundaryCondition="false" constant="false"/>
      <species id="complex_PTVA_enzyme_VioC_biocrnpyler_392656" name="complex_PTVA_enzyme_VioC" compartment="liposome_2_internal_combined" initialConcentration="0" hasOnlySubstanceUnits="false" boundaryCondition="false" constant="false"/>
      <species id="PTDVA_1_1_combined" name="PTDVA" compartment="liposome_2_internal_combined" initialConcentration="0" hasOnlySubstanceUnits="false" boundaryCondition="false" constant="false"/>
      <species id="DV_biocrnpyler_392656" name="DV" compartment="liposome_2_internal_combined" initialConcentration="0" hasOnlySubstanceUnits="false" boundaryCondition="false" constant="false"/>
      <species id="complex_PTDVA_enzyme_VioC_biocrnpyler_392656" name="complex_PTDVA_enzyme_VioC" compartment="liposome_2_internal_combined" initialConcentration="0" hasOnlySubstanceUnits="false" boundaryCondition="false" constant="false"/>
    </listOfSpecies>
    <listOfParameters>
      <parameter id="kb" name="kb" value="2" units="per_second" constant="false"/>
      <parameter id="kd" name="kd" value="10" units="per_second" constant="false"/>
    </listOfParameters>
    <listOfReactions>
      <reaction id="r3" reversible="true">
        <listOfReactants>
          <speciesReference species="PTVA_external_environment_model_1_combined" stoichiometry="1" constant="false"/>
        </listOfReactants>
        <listOfProducts>
          <speciesReference species="PTVA_1_1_combined" stoichiometry="1" constant="false"/>
        </listOfProducts>
        <kineticLaw>
          <math xmlns="http://www.w3.org/1998/Math/MathML">
            <apply>
              <minus/>
              <apply>
                <times/>
                <ci> kb </ci>
                <ci> PTVA_external_environment_model_1_combined </ci>
              </apply>
              <apply>
                <times/>
                <ci> kd </ci>
                <ci> PTVA_1_1_combined </ci>
              </apply>
            </apply>
          </math>
        </kineticLaw>
      </reaction>
      <reaction id="r4" reversible="true">
        <listOfReactants>
          <speciesReference species="PTDVA_external_environment_model_1_combined" stoichiometry="1" constant="false"/>
        </listOfReactants>
        <listOfProducts>
          <speciesReference species="PTDVA_1_1_combined" stoichiometry="1" constant="false"/>
        </listOfProducts>
        <kineticLaw>
          <math xmlns="http://www.w3.org/1998/Math/MathML">
            <apply>
              <minus/>
              <apply>
                <times/>
                <ci> kb </ci>
                <ci> PTDVA_external_environment_model_1_combined </ci>
              </apply>
              <apply>
                <times/>
                <ci> kd </ci>
                <ci> PTDVA_1_1_combined </ci>
              </apply>
            </apply>
          </math>
        </kineticLaw>
      </reaction>
      <reaction id="r0_biocrnpyler_392656" name="r0" reversible="false">
        <annotation>
          <PropensityType> type=massaction k=100.0  </PropensityType>
        </annotation>
        <listOfReactants>
          <speciesReference species="dna_dna_vioC_biocrnpyler_392656" stoichiometry="1" constant="false"/>
          <speciesReference species="protein_RNAP_biocrnpyler_392656" stoichiometry="1" constant="false"/>
        </listOfReactants>
        <listOfProducts>
          <speciesReference species="complex_dna_dna_vioC_protein_RNAP_biocrnpyler_392656" stoichiometry="1" constant="false"/>
        </listOfProducts>
        <kineticLaw>
          <math xmlns="http://www.w3.org/1998/Math/MathML">
            <apply>
              <times/>
              <ci> k </ci>
              <ci> dna_dna_vioC_biocrnpyler_392656 </ci>
              <ci> protein_RNAP_biocrnpyler_392656 </ci>
            </apply>
          </math>
          <listOfLocalParameters>
            <localParameter id="k" value="100"/>
          </listOfLocalParameters>
        </kineticLaw>
      </reaction>
      <reaction id="r0_1_biocrnpyler_392656" name="r0_1" reversible="false">
        <annotation>
          <PropensityType> type=massaction k=10.0  </PropensityType>
        </annotation>
        <listOfReactants>
          <speciesReference species="complex_dna_dna_vioC_protein_RNAP_biocrnpyler_392656" stoichiometry="1" constant="false"/>
        </listOfReactants>
        <listOfProducts>
          <speciesReference species="dna_dna_vioC_biocrnpyler_392656" stoichiometry="1" constant="false"/>
          <speciesReference species="protein_RNAP_biocrnpyler_392656" stoichiometry="1" constant="false"/>
        </listOfProducts>
        <kineticLaw>
          <math xmlns="http://www.w3.org/1998/Math/MathML">
            <apply>
              <times/>
              <ci> k </ci>
              <ci> complex_dna_dna_vioC_protein_RNAP_biocrnpyler_392656 </ci>
            </apply>
          </math>
          <listOfLocalParameters>
            <localParameter id="k" value="10"/>
          </listOfLocalParameters>
        </kineticLaw>
      </reaction>
      <reaction id="r2_biocrnpyler_392656" name="r2" reversible="false">
        <annotation>
          <PropensityType> type=massaction k=0.05  </PropensityType>
        </annotation>
        <listOfReactants>
          <speciesReference species="complex_dna_dna_vioC_protein_RNAP_biocrnpyler_392656" stoichiometry="1" constant="false"/>
        </listOfReactants>
        <listOfProducts>
          <speciesReference species="dna_dna_vioC_biocrnpyler_392656" stoichiometry="1" constant="false"/>
          <speciesReference species="transcript_vioC_biocrnpyler_392656" stoichiometry="1" constant="false"/>
          <speciesReference species="protein_RNAP_biocrnpyler_392656" stoichiometry="1" constant="false"/>
        </listOfProducts>
        <kineticLaw>
          <math xmlns="http://www.w3.org/1998/Math/MathML">
            <apply>
              <times/>
              <ci> k </ci>
              <ci> complex_dna_dna_vioC_protein_RNAP_biocrnpyler_392656 </ci>
            </apply>
          </math>
          <listOfLocalParameters>
            <localParameter id="k" value="0.05"/>
          </listOfLocalParameters>
        </kineticLaw>
      </reaction>
      <reaction id="r3_biocrnpyler_392656" name="r3" reversible="false">
        <annotation>
          <PropensityType> type=massaction k=100.0  </PropensityType>
        </annotation>
        <listOfReactants>
          <speciesReference species="transcript_vioC_biocrnpyler_392656" stoichiometry="1" constant="false"/>
          <speciesReference species="protein_Ribo_biocrnpyler_392656" stoichiometry="1" constant="false"/>
        </listOfReactants>
        <listOfProducts>
          <speciesReference species="complex_protein_Ribo_transcript_vioC_biocrnpyler_392656" stoichiometry="1" constant="false"/>
        </listOfProducts>
        <kineticLaw>
          <math xmlns="http://www.w3.org/1998/Math/MathML">
            <apply>
              <times/>
              <ci> k </ci>
              <ci> transcript_vioC_biocrnpyler_392656 </ci>
              <ci> protein_Ribo_biocrnpyler_392656 </ci>
            </apply>
          </math>
          <listOfLocalParameters>
            <localParameter id="k" value="100"/>
          </listOfLocalParameters>
        </kineticLaw>
      </reaction>
      <reaction id="r3_1_biocrnpyler_392656" name="r3_1" reversible="false">
        <annotation>
          <PropensityType> type=massaction k=10.0  </PropensityType>
        </annotation>
        <listOfReactants>
          <speciesReference species="complex_protein_Ribo_transcript_vioC_biocrnpyler_392656" stoichiometry="1" constant="false"/>
        </listOfReactants>
        <listOfProducts>
          <speciesReference species="transcript_vioC_biocrnpyler_392656" stoichiometry="1" constant="false"/>
          <speciesReference species="protein_Ribo_biocrnpyler_392656" stoichiometry="1" constant="false"/>
        </listOfProducts>
        <kineticLaw>
          <math xmlns="http://www.w3.org/1998/Math/MathML">
            <apply>
              <times/>
              <ci> k </ci>
              <ci> complex_protein_Ribo_transcript_vioC_biocrnpyler_392656 </ci>
            </apply>
          </math>
          <listOfLocalParameters>
            <localParameter id="k" value="10"/>
          </listOfLocalParameters>
        </kineticLaw>
      </reaction>
      <reaction id="r5_biocrnpyler_392656" name="r5" reversible="false">
        <annotation>
          <PropensityType> type=massaction k=0.05  </PropensityType>
        </annotation>
        <listOfReactants>
          <speciesReference species="complex_protein_Ribo_transcript_vioC_biocrnpyler_392656" stoichiometry="1" constant="false"/>
        </listOfReactants>
        <listOfProducts>
          <speciesReference species="transcript_vioC_biocrnpyler_392656" stoichiometry="1" constant="false"/>
          <speciesReference species="enzyme_VioC_biocrnpyler_392656" stoichiometry="1" constant="false"/>
          <speciesReference species="protein_Ribo_biocrnpyler_392656" stoichiometry="1" constant="false"/>
        </listOfProducts>
        <kineticLaw>
          <math xmlns="http://www.w3.org/1998/Math/MathML">
            <apply>
              <times/>
              <ci> k </ci>
              <ci> complex_protein_Ribo_transcript_vioC_biocrnpyler_392656 </ci>
            </apply>
          </math>
          <listOfLocalParameters>
            <localParameter id="k" value="0.05"/>
          </listOfLocalParameters>
        </kineticLaw>
      </reaction>
      <reaction id="r6_biocrnpyler_392656" name="r6" reversible="false">
        <annotation>
          <PropensityType> type=massaction k=100.0  </PropensityType>
        </annotation>
        <listOfReactants>
          <speciesReference species="transcript_vioC_biocrnpyler_392656" stoichiometry="1" constant="false"/>
          <speciesReference species="protein_RNAase_biocrnpyler_392656" stoichiometry="1" constant="false"/>
        </listOfReactants>
        <listOfProducts>
          <speciesReference species="complex_protein_RNAase_transcript_vioC_biocrnpyler_392656" stoichiometry="1" constant="false"/>
        </listOfProducts>
        <kineticLaw>
          <math xmlns="http://www.w3.org/1998/Math/MathML">
            <apply>
              <times/>
              <ci> k </ci>
              <ci> transcript_vioC_biocrnpyler_392656 </ci>
              <ci> protein_RNAase_biocrnpyler_392656 </ci>
            </apply>
          </math>
          <listOfLocalParameters>
            <localParameter id="k" value="100"/>
          </listOfLocalParameters>
        </kineticLaw>
      </reaction>
      <reaction id="r6_1_biocrnpyler_392656" name="r6_1" reversible="false">
        <annotation>
          <PropensityType> type=massaction k=10.0  </PropensityType>
        </annotation>
        <listOfReactants>
          <speciesReference species="complex_protein_RNAase_transcript_vioC_biocrnpyler_392656" stoichiometry="1" constant="false"/>
        </listOfReactants>
        <listOfProducts>
          <speciesReference species="transcript_vioC_biocrnpyler_392656" stoichiometry="1" constant="false"/>
          <speciesReference species="protein_RNAase_biocrnpyler_392656" stoichiometry="1" constant="false"/>
        </listOfProducts>
        <kineticLaw>
          <math xmlns="http://www.w3.org/1998/Math/MathML">
            <apply>
              <times/>
              <ci> k </ci>
              <ci> complex_protein_RNAase_transcript_vioC_biocrnpyler_392656 </ci>
            </apply>
          </math>
          <listOfLocalParameters>
            <localParameter id="k" value="10"/>
          </listOfLocalParameters>
        </kineticLaw>
      </reaction>
      <reaction id="r8_biocrnpyler_392656" name="r8" reversible="false">
        <annotation>
          <PropensityType> type=massaction k=0.001  </PropensityType>
        </annotation>
        <listOfReactants>
          <speciesReference species="complex_protein_RNAase_transcript_vioC_biocrnpyler_392656" stoichiometry="1" constant="false"/>
        </listOfReactants>
        <listOfProducts>
          <speciesReference species="protein_RNAase_biocrnpyler_392656" stoichiometry="1" constant="false"/>
        </listOfProducts>
        <kineticLaw>
          <math xmlns="http://www.w3.org/1998/Math/MathML">
            <apply>
              <times/>
              <ci> k </ci>
              <ci> complex_protein_RNAase_transcript_vioC_biocrnpyler_392656 </ci>
            </apply>
          </math>
          <listOfLocalParameters>
            <localParameter id="k" value="0.001"/>
          </listOfLocalParameters>
        </kineticLaw>
      </reaction>
      <reaction id="r9_biocrnpyler_392656" name="r9" reversible="false">
        <annotation>
          <PropensityType> type=massaction k=100.0  </PropensityType>
        </annotation>
        <listOfReactants>
          <speciesReference species="PTVA_1_1_combined" stoichiometry="1" constant="false"/>
          <speciesReference species="enzyme_VioC_biocrnpyler_392656" stoichiometry="1" constant="false"/>
        </listOfReactants>
        <listOfProducts>
          <speciesReference species="complex_PTVA_enzyme_VioC_biocrnpyler_392656" stoichiometry="1" constant="false"/>
        </listOfProducts>
        <kineticLaw>
          <math xmlns="http://www.w3.org/1998/Math/MathML">
            <apply>
              <times/>
              <ci> k </ci>
              <ci> PTVA_1_1_combined </ci>
              <ci> enzyme_VioC_biocrnpyler_392656 </ci>
            </apply>
          </math>
          <listOfLocalParameters>
            <localParameter id="k" value="100"/>
          </listOfLocalParameters>
        </kineticLaw>
      </reaction>
      <reaction id="r9_1_biocrnpyler_392656" name="r9_1" reversible="false">
        <annotation>
          <PropensityType> type=massaction k=10.0  </PropensityType>
        </annotation>
        <listOfReactants>
          <speciesReference species="complex_PTVA_enzyme_VioC_biocrnpyler_392656" stoichiometry="1" constant="false"/>
        </listOfReactants>
        <listOfProducts>
          <speciesReference species="PTVA_1_1_combined" stoichiometry="1" constant="false"/>
          <speciesReference species="enzyme_VioC_biocrnpyler_392656" stoichiometry="1" constant="false"/>
        </listOfProducts>
        <kineticLaw>
          <math xmlns="http://www.w3.org/1998/Math/MathML">
            <apply>
              <times/>
              <ci> k </ci>
              <ci> complex_PTVA_enzyme_VioC_biocrnpyler_392656 </ci>
            </apply>
          </math>
          <listOfLocalParameters>
            <localParameter id="k" value="10"/>
          </listOfLocalParameters>
        </kineticLaw>
      </reaction>
      <reaction id="r11_biocrnpyler_392656" name="r11" reversible="false">
        <annotation>
          <PropensityType> type=massaction k=100  </PropensityType>
        </annotation>
        <listOfReactants>
          <speciesReference species="complex_PTVA_enzyme_VioC_biocrnpyler_392656" stoichiometry="1" constant="false"/>
        </listOfReactants>
        <listOfProducts>
          <speciesReference species="V_biocrnpyler_392656" stoichiometry="1" constant="false"/>
          <speciesReference species="enzyme_VioC_biocrnpyler_392656" stoichiometry="1" constant="false"/>
        </listOfProducts>
        <kineticLaw>
          <math xmlns="http://www.w3.org/1998/Math/MathML">
            <apply>
              <times/>
              <ci> k </ci>
              <ci> complex_PTVA_enzyme_VioC_biocrnpyler_392656 </ci>
            </apply>
          </math>
          <listOfLocalParameters>
            <localParameter id="k" value="100"/>
          </listOfLocalParameters>
        </kineticLaw>
      </reaction>
      <reaction id="r12_biocrnpyler_392656" name="r12" reversible="false">
        <annotation>
          <PropensityType> type=massaction k=100.0  </PropensityType>
        </annotation>
        <listOfReactants>
          <speciesReference species="PTDVA_1_1_combined" stoichiometry="1" constant="false"/>
          <speciesReference species="enzyme_VioC_biocrnpyler_392656" stoichiometry="1" constant="false"/>
        </listOfReactants>
        <listOfProducts>
          <speciesReference species="complex_PTDVA_enzyme_VioC_biocrnpyler_392656" stoichiometry="1" constant="false"/>
        </listOfProducts>
        <kineticLaw>
          <math xmlns="http://www.w3.org/1998/Math/MathML">
            <apply>
              <times/>
              <ci> k </ci>
              <ci> PTDVA_1_1_combined </ci>
              <ci> enzyme_VioC_biocrnpyler_392656 </ci>
            </apply>
          </math>
          <listOfLocalParameters>
            <localParameter id="k" value="100"/>
          </listOfLocalParameters>
        </kineticLaw>
      </reaction>
      <reaction id="r12_1_biocrnpyler_392656" name="r12_1" reversible="false">
        <annotation>
          <PropensityType> type=massaction k=10.0  </PropensityType>
        </annotation>
        <listOfReactants>
          <speciesReference species="complex_PTDVA_enzyme_VioC_biocrnpyler_392656" stoichiometry="1" constant="false"/>
        </listOfReactants>
        <listOfProducts>
          <speciesReference species="PTDVA_1_1_combined" stoichiometry="1" constant="false"/>
          <speciesReference species="enzyme_VioC_biocrnpyler_392656" stoichiometry="1" constant="false"/>
        </listOfProducts>
        <kineticLaw>
          <math xmlns="http://www.w3.org/1998/Math/MathML">
            <apply>
              <times/>
              <ci> k </ci>
              <ci> complex_PTDVA_enzyme_VioC_biocrnpyler_392656 </ci>
            </apply>
          </math>
          <listOfLocalParameters>
            <localParameter id="k" value="10"/>
          </listOfLocalParameters>
        </kineticLaw>
      </reaction>
      <reaction id="r14_biocrnpyler_392656" name="r14" reversible="false">
        <annotation>
          <PropensityType> type=massaction k=100  </PropensityType>
        </annotation>
        <listOfReactants>
          <speciesReference species="complex_PTDVA_enzyme_VioC_biocrnpyler_392656" stoichiometry="1" constant="false"/>
        </listOfReactants>
        <listOfProducts>
          <speciesReference species="DV_biocrnpyler_392656" stoichiometry="1" constant="false"/>
          <speciesReference species="enzyme_VioC_biocrnpyler_392656" stoichiometry="1" constant="false"/>
        </listOfProducts>
        <kineticLaw>
          <math xmlns="http://www.w3.org/1998/Math/MathML">
            <apply>
              <times/>
              <ci> k </ci>
              <ci> complex_PTDVA_enzyme_VioC_biocrnpyler_392656 </ci>
            </apply>
          </math>
          <listOfLocalParameters>
            <localParameter id="k" value="100"/>
          </listOfLocalParameters>
        </kineticLaw>
      </reaction>
    </listOfReactions>
  </model>
</sbml>
