<?xml version="1.0" encoding="UTF-8"?>
<sbml xmlns="http://www.sbml.org/sbml/level3/version2/core" level="3" version="2">
  <model id="biocrnpyler_776499" name="biocrnpyler_776499" substanceUnits="mole" timeUnits="second" volumeUnits="litre" areaUnits="square_metre" lengthUnits="metre" extentUnits="mole">
    <listOfUnitDefinitions>
      <unitDefinition id="square_metre">
        <listOfUnits>
          <unit kind="metre" exponent="2" scale="0" multiplier="1"/>
        </listOfUnits>
      </unitDefinition>
    </listOfUnitDefinitions>
    <listOfCompartments>
      <compartment id="default" name="default" spatialDimensions="3" size="1e-06" constant="true"/>
    </listOfCompartments>
    <listOfSpecies>
      <species id="complex_protein_RNAase_transcript_vioA" name="complex_protein_RNAase_transcript_vioA" compartment="default" initialConcentration="0" hasOnlySubstanceUnits="false" boundaryCondition="false" constant="false"/>
      <species id="transcript_vioA" name="transcript_vioA" compartment="default" initialConcentration="0" hasOnlySubstanceUnits="false" boundaryCondition="false" constant="false"/>
      <species id="enzyme_VioA" name="enzyme_VioA" compartment="default" initialConcentration="0" hasOnlySubstanceUnits="false" boundaryCondition="false" constant="false"/>
      <species id="protein_RNAP" name="protein_RNAP" compartment="default" initialConcentration="3" hasOnlySubstanceUnits="false" boundaryCondition="false" constant="false"/>
      <species id="complex_protein_Ribo_transcript_vioA" name="complex_protein_Ribo_transcript_vioA" compartment="default" initialConcentration="0" hasOnlySubstanceUnits="false" boundaryCondition="false" constant="false"/>
      <species id="protein_RNAase" name="protein_RNAase" compartment="default" initialConcentration="6" hasOnlySubstanceUnits="false" boundaryCondition="false" constant="false"/>
      <species id="complex_dna_dna_vioA_protein_RNAP" name="complex_dna_dna_vioA_protein_RNAP" compartment="default" initialConcentration="0" hasOnlySubstanceUnits="false" boundaryCondition="false" constant="false"/>
      <species id="protein_Ribo" name="protein_Ribo" compartment="default" initialConcentration="24" hasOnlySubstanceUnits="false" boundaryCondition="false" constant="false"/>
      <species id="dna_dna_vioA" name="dna_dna_vioA" compartment="default" initialConcentration="0" hasOnlySubstanceUnits="false" boundaryCondition="false" constant="false"/>
      <species id="complex_protein_Ribo_transcript_vioB" name="complex_protein_Ribo_transcript_vioB" compartment="default" initialConcentration="0" hasOnlySubstanceUnits="false" boundaryCondition="false" constant="false"/>
      <species id="complex_protein_RNAase_transcript_vioB" name="complex_protein_RNAase_transcript_vioB" compartment="default" initialConcentration="0" hasOnlySubstanceUnits="false" boundaryCondition="false" constant="false"/>
      <species id="transcript_vioB" name="transcript_vioB" compartment="default" initialConcentration="0" hasOnlySubstanceUnits="false" boundaryCondition="false" constant="false"/>
      <species id="enzyme_VioB" name="enzyme_VioB" compartment="default" initialConcentration="0" hasOnlySubstanceUnits="false" boundaryCondition="false" constant="false"/>
      <species id="complex_dna_dna_vioB_protein_RNAP" name="complex_dna_dna_vioB_protein_RNAP" compartment="default" initialConcentration="0" hasOnlySubstanceUnits="false" boundaryCondition="false" constant="false"/>
      <species id="dna_dna_vioB" name="dna_dna_vioB" compartment="default" initialConcentration="0" hasOnlySubstanceUnits="false" boundaryCondition="false" constant="false"/>
      <species id="complex_protein_Ribo_transcript_vioE" name="complex_protein_Ribo_transcript_vioE" compartment="default" initialConcentration="0" hasOnlySubstanceUnits="false" boundaryCondition="false" constant="false"/>
      <species id="dna_dna_vioE" name="dna_dna_vioE" compartment="default" initialConcentration="0" hasOnlySubstanceUnits="false" boundaryCondition="false" constant="false"/>
      <species id="transcript_vioE" name="transcript_vioE" compartment="default" initialConcentration="0" hasOnlySubstanceUnits="false" boundaryCondition="false" constant="false"/>
      <species id="complex_dna_dna_vioE_protein_RNAP" name="complex_dna_dna_vioE_protein_RNAP" compartment="default" initialConcentration="0" hasOnlySubstanceUnits="false" boundaryCondition="false" constant="false"/>
      <species id="enzyme_VioE" name="enzyme_VioE" compartment="default" initialConcentration="0" hasOnlySubstanceUnits="false" boundaryCondition="false" constant="false"/>
      <species id="complex_protein_RNAase_transcript_vioE" name="complex_protein_RNAase_transcript_vioE" compartment="default" initialConcentration="0" hasOnlySubstanceUnits="false" boundaryCondition="false" constant="false"/>
      <species id="transcript_vioD" name="transcript_vioD" compartment="default" initialConcentration="0" hasOnlySubstanceUnits="false" boundaryCondition="false" constant="false"/>
      <species id="dna_dna_vioD" name="dna_dna_vioD" compartment="default" initialConcentration="0" hasOnlySubstanceUnits="false" boundaryCondition="false" constant="false"/>
      <species id="complex_protein_Ribo_transcript_vioD" name="complex_protein_Ribo_transcript_vioD" compartment="default" initialConcentration="0" hasOnlySubstanceUnits="false" boundaryCondition="false" constant="false"/>
      <species id="enzyme_VioD" name="enzyme_VioD" compartment="default" initialConcentration="0" hasOnlySubstanceUnits="false" boundaryCondition="false" constant="false"/>
      <species id="complex_dna_dna_vioD_protein_RNAP" name="complex_dna_dna_vioD_protein_RNAP" compartment="default" initialConcentration="0" hasOnlySubstanceUnits="false" boundaryCondition="false" constant="false"/>
      <species id="complex_protein_RNAase_transcript_vioD" name="complex_protein_RNAase_transcript_vioD" compartment="default" initialConcentration="0" hasOnlySubstanceUnits="false" boundaryCondition="false" constant="false"/>
      <species id="TRP" name="TRP" compartment="default" initialConcentration="0" hasOnlySubstanceUnits="false" boundaryCondition="false" constant="false"/>
      <species id="IPA_imine" name="IPA_imine" compartment="default" initialConcentration="0" hasOnlySubstanceUnits="false" boundaryCondition="false" constant="false"/>
      <species id="complex_TRP_enzyme_VioA" name="complex_TRP_enzyme_VioA" compartment="default" initialConcentration="0" hasOnlySubstanceUnits="false" boundaryCondition="false" constant="false"/>
      <species id="IPA_imine_dimer" name="IPA_imine_dimer" compartment="default" initialConcentration="0" hasOnlySubstanceUnits="false" boundaryCondition="false" constant="false"/>
      <species id="complex_2x_IPA_imine_enzyme_VioB" name="complex_2x_IPA_imine_enzyme_VioB" compartment="default" initialConcentration="0" hasOnlySubstanceUnits="false" boundaryCondition="false" constant="false"/>
      <species id="PTDVA" name="PTDVA" compartment="default" initialConcentration="0" hasOnlySubstanceUnits="false" boundaryCondition="false" constant="false"/>
      <species id="complex_IPA_imine_dimer_enzyme_VioE" name="complex_IPA_imine_dimer_enzyme_VioE" compartment="default" initialConcentration="0" hasOnlySubstanceUnits="false" boundaryCondition="false" constant="false"/>
      <species id="PTVA" name="PTVA" compartment="default" initialConcentration="0" hasOnlySubstanceUnits="false" boundaryCondition="false" constant="false"/>
      <species id="complex_PTDVA_enzyme_VioD" name="complex_PTDVA_enzyme_VioD" compartment="default" initialConcentration="0" hasOnlySubstanceUnits="false" boundaryCondition="false" constant="false"/>
    </listOfSpecies>
    <listOfReactions>
      <reaction id="r0" name="r0" reversible="false">
        <annotation>
          <PropensityType> type=massaction k=100.0</PropensityType>
        </annotation>
        <listOfReactants>
          <speciesReference species="dna_dna_vioA" stoichiometry="1" constant="false"/>
          <speciesReference species="protein_RNAP" stoichiometry="1" constant="false"/>
        </listOfReactants>
        <listOfProducts>
          <speciesReference species="complex_dna_dna_vioA_protein_RNAP" stoichiometry="1" constant="false"/>
        </listOfProducts>
        <kineticLaw>
          <math xmlns="http://www.w3.org/1998/Math/MathML">
            <apply>
              <times/>
              <ci> k </ci>
              <ci> dna_dna_vioA </ci>
              <ci> protein_RNAP </ci>
            </apply>
          </math>
          <listOfLocalParameters>
            <localParameter id="k" value="100"/>
          </listOfLocalParameters>
        </kineticLaw>
      </reaction>
      <reaction id="r0_1" name="r0_1" reversible="false">
        <annotation>
          <PropensityType> type=massaction k=10.0</PropensityType>
        </annotation>
        <listOfReactants>
          <speciesReference species="complex_dna_dna_vioA_protein_RNAP" stoichiometry="1" constant="false"/>
        </listOfReactants>
        <listOfProducts>
          <speciesReference species="dna_dna_vioA" stoichiometry="1" constant="false"/>
          <speciesReference species="protein_RNAP" stoichiometry="1" constant="false"/>
        </listOfProducts>
        <kineticLaw>
          <math xmlns="http://www.w3.org/1998/Math/MathML">
            <apply>
              <times/>
              <ci> k </ci>
              <ci> complex_dna_dna_vioA_protein_RNAP </ci>
            </apply>
          </math>
          <listOfLocalParameters>
            <localParameter id="k" value="10"/>
          </listOfLocalParameters>
        </kineticLaw>
      </reaction>
      <reaction id="r2" name="r2" reversible="false">
        <annotation>
          <PropensityType> type=massaction k=0.05</PropensityType>
        </annotation>
        <listOfReactants>
          <speciesReference species="complex_dna_dna_vioA_protein_RNAP" stoichiometry="1" constant="false"/>
        </listOfReactants>
        <listOfProducts>
          <speciesReference species="dna_dna_vioA" stoichiometry="1" constant="false"/>
          <speciesReference species="transcript_vioA" stoichiometry="1" constant="false"/>
          <speciesReference species="protein_RNAP" stoichiometry="1" constant="false"/>
        </listOfProducts>
        <kineticLaw>
          <math xmlns="http://www.w3.org/1998/Math/MathML">
            <apply>
              <times/>
              <ci> k </ci>
              <ci> complex_dna_dna_vioA_protein_RNAP </ci>
            </apply>
          </math>
          <listOfLocalParameters>
            <localParameter id="k" value="0.05"/>
          </listOfLocalParameters>
        </kineticLaw>
      </reaction>
      <reaction id="r3" name="r3" reversible="false">
        <annotation>
          <PropensityType> type=massaction k=100.0</PropensityType>
        </annotation>
        <listOfReactants>
          <speciesReference species="transcript_vioA" stoichiometry="1" constant="false"/>
          <speciesReference species="protein_Ribo" stoichiometry="1" constant="false"/>
        </listOfReactants>
        <listOfProducts>
          <speciesReference species="complex_protein_Ribo_transcript_vioA" stoichiometry="1" constant="false"/>
        </listOfProducts>
        <kineticLaw>
          <math xmlns="http://www.w3.org/1998/Math/MathML">
            <apply>
              <times/>
              <ci> k </ci>
              <ci> transcript_vioA </ci>
              <ci> protein_Ribo </ci>
            </apply>
          </math>
          <listOfLocalParameters>
            <localParameter id="k" value="100"/>
          </listOfLocalParameters>
        </kineticLaw>
      </reaction>
      <reaction id="r3_1" name="r3_1" reversible="false">
        <annotation>
          <PropensityType> type=massaction k=10.0</PropensityType>
        </annotation>
        <listOfReactants>
          <speciesReference species="complex_protein_Ribo_transcript_vioA" stoichiometry="1" constant="false"/>
        </listOfReactants>
        <listOfProducts>
          <speciesReference species="transcript_vioA" stoichiometry="1" constant="false"/>
          <speciesReference species="protein_Ribo" stoichiometry="1" constant="false"/>
        </listOfProducts>
        <kineticLaw>
          <math xmlns="http://www.w3.org/1998/Math/MathML">
            <apply>
              <times/>
              <ci> k </ci>
              <ci> complex_protein_Ribo_transcript_vioA </ci>
            </apply>
          </math>
          <listOfLocalParameters>
            <localParameter id="k" value="10"/>
          </listOfLocalParameters>
        </kineticLaw>
      </reaction>
      <reaction id="r5" name="r5" reversible="false">
        <annotation>
          <PropensityType> type=massaction k=0.05</PropensityType>
        </annotation>
        <listOfReactants>
          <speciesReference species="complex_protein_Ribo_transcript_vioA" stoichiometry="1" constant="false"/>
        </listOfReactants>
        <listOfProducts>
          <speciesReference species="transcript_vioA" stoichiometry="1" constant="false"/>
          <speciesReference species="enzyme_VioA" stoichiometry="1" constant="false"/>
          <speciesReference species="protein_Ribo" stoichiometry="1" constant="false"/>
        </listOfProducts>
        <kineticLaw>
          <math xmlns="http://www.w3.org/1998/Math/MathML">
            <apply>
              <times/>
              <ci> k </ci>
              <ci> complex_protein_Ribo_transcript_vioA </ci>
            </apply>
          </math>
          <listOfLocalParameters>
            <localParameter id="k" value="0.05"/>
          </listOfLocalParameters>
        </kineticLaw>
      </reaction>
      <reaction id="r6" name="r6" reversible="false">
        <annotation>
          <PropensityType> type=massaction k=100.0</PropensityType>
        </annotation>
        <listOfReactants>
          <speciesReference species="transcript_vioA" stoichiometry="1" constant="false"/>
          <speciesReference species="protein_RNAase" stoichiometry="1" constant="false"/>
        </listOfReactants>
        <listOfProducts>
          <speciesReference species="complex_protein_RNAase_transcript_vioA" stoichiometry="1" constant="false"/>
        </listOfProducts>
        <kineticLaw>
          <math xmlns="http://www.w3.org/1998/Math/MathML">
            <apply>
              <times/>
              <ci> k </ci>
              <ci> transcript_vioA </ci>
              <ci> protein_RNAase </ci>
            </apply>
          </math>
          <listOfLocalParameters>
            <localParameter id="k" value="100"/>
          </listOfLocalParameters>
        </kineticLaw>
      </reaction>
      <reaction id="r6_1" name="r6_1" reversible="false">
        <annotation>
          <PropensityType> type=massaction k=10.0</PropensityType>
        </annotation>
        <listOfReactants>
          <speciesReference species="complex_protein_RNAase_transcript_vioA" stoichiometry="1" constant="false"/>
        </listOfReactants>
        <listOfProducts>
          <speciesReference species="transcript_vioA" stoichiometry="1" constant="false"/>
          <speciesReference species="protein_RNAase" stoichiometry="1" constant="false"/>
        </listOfProducts>
        <kineticLaw>
          <math xmlns="http://www.w3.org/1998/Math/MathML">
            <apply>
              <times/>
              <ci> k </ci>
              <ci> complex_protein_RNAase_transcript_vioA </ci>
            </apply>
          </math>
          <listOfLocalParameters>
            <localParameter id="k" value="10"/>
          </listOfLocalParameters>
        </kineticLaw>
      </reaction>
      <reaction id="r8" name="r8" reversible="false">
        <annotation>
          <PropensityType> type=massaction k=0.001</PropensityType>
        </annotation>
        <listOfReactants>
          <speciesReference species="complex_protein_RNAase_transcript_vioA" stoichiometry="1" constant="false"/>
        </listOfReactants>
        <listOfProducts>
          <speciesReference species="protein_RNAase" stoichiometry="1" constant="false"/>
        </listOfProducts>
        <kineticLaw>
          <math xmlns="http://www.w3.org/1998/Math/MathML">
            <apply>
              <times/>
              <ci> k </ci>
              <ci> complex_protein_RNAase_transcript_vioA </ci>
            </apply>
          </math>
          <listOfLocalParameters>
            <localParameter id="k" value="0.001"/>
          </listOfLocalParameters>
        </kineticLaw>
      </reaction>
      <reaction id="r9" name="r9" reversible="false">
        <annotation>
          <PropensityType> type=massaction k=100.0</PropensityType>
        </annotation>
        <listOfReactants>
          <speciesReference species="dna_dna_vioB" stoichiometry="1" constant="false"/>
          <speciesReference species="protein_RNAP" stoichiometry="1" constant="false"/>
        </listOfReactants>
        <listOfProducts>
          <speciesReference species="complex_dna_dna_vioB_protein_RNAP" stoichiometry="1" constant="false"/>
        </listOfProducts>
        <kineticLaw>
          <math xmlns="http://www.w3.org/1998/Math/MathML">
            <apply>
              <times/>
              <ci> k </ci>
              <ci> dna_dna_vioB </ci>
              <ci> protein_RNAP </ci>
            </apply>
          </math>
          <listOfLocalParameters>
            <localParameter id="k" value="100"/>
          </listOfLocalParameters>
        </kineticLaw>
      </reaction>
      <reaction id="r9_1" name="r9_1" reversible="false">
        <annotation>
          <PropensityType> type=massaction k=10.0</PropensityType>
        </annotation>
        <listOfReactants>
          <speciesReference species="complex_dna_dna_vioB_protein_RNAP" stoichiometry="1" constant="false"/>
        </listOfReactants>
        <listOfProducts>
          <speciesReference species="dna_dna_vioB" stoichiometry="1" constant="false"/>
          <speciesReference species="protein_RNAP" stoichiometry="1" constant="false"/>
        </listOfProducts>
        <kineticLaw>
          <math xmlns="http://www.w3.org/1998/Math/MathML">
            <apply>
              <times/>
              <ci> k </ci>
              <ci> complex_dna_dna_vioB_protein_RNAP </ci>
            </apply>
          </math>
          <listOfLocalParameters>
            <localParameter id="k" value="10"/>
          </listOfLocalParameters>
        </kineticLaw>
      </reaction>
      <reaction id="r11" name="r11" reversible="false">
        <annotation>
          <PropensityType> type=massaction k=0.05</PropensityType>
        </annotation>
        <listOfReactants>
          <speciesReference species="complex_dna_dna_vioB_protein_RNAP" stoichiometry="1" constant="false"/>
        </listOfReactants>
        <listOfProducts>
          <speciesReference species="dna_dna_vioB" stoichiometry="1" constant="false"/>
          <speciesReference species="transcript_vioB" stoichiometry="1" constant="false"/>
          <speciesReference species="protein_RNAP" stoichiometry="1" constant="false"/>
        </listOfProducts>
        <kineticLaw>
          <math xmlns="http://www.w3.org/1998/Math/MathML">
            <apply>
              <times/>
              <ci> k </ci>
              <ci> complex_dna_dna_vioB_protein_RNAP </ci>
            </apply>
          </math>
          <listOfLocalParameters>
            <localParameter id="k" value="0.05"/>
          </listOfLocalParameters>
        </kineticLaw>
      </reaction>
      <reaction id="r12" name="r12" reversible="false">
        <annotation>
          <PropensityType> type=massaction k=100.0</PropensityType>
        </annotation>
        <listOfReactants>
          <speciesReference species="transcript_vioB" stoichiometry="1" constant="false"/>
          <speciesReference species="protein_Ribo" stoichiometry="1" constant="false"/>
        </listOfReactants>
        <listOfProducts>
          <speciesReference species="complex_protein_Ribo_transcript_vioB" stoichiometry="1" constant="false"/>
        </listOfProducts>
        <kineticLaw>
          <math xmlns="http://www.w3.org/1998/Math/MathML">
            <apply>
              <times/>
              <ci> k </ci>
              <ci> transcript_vioB </ci>
              <ci> protein_Ribo </ci>
            </apply>
          </math>
          <listOfLocalParameters>
            <localParameter id="k" value="100"/>
          </listOfLocalParameters>
        </kineticLaw>
      </reaction>
      <reaction id="r12_1" name="r12_1" reversible="false">
        <annotation>
          <PropensityType> type=massaction k=10.0</PropensityType>
        </annotation>
        <listOfReactants>
          <speciesReference species="complex_protein_Ribo_transcript_vioB" stoichiometry="1" constant="false"/>
        </listOfReactants>
        <listOfProducts>
          <speciesReference species="transcript_vioB" stoichiometry="1" constant="false"/>
          <speciesReference species="protein_Ribo" stoichiometry="1" constant="false"/>
        </listOfProducts>
        <kineticLaw>
          <math xmlns="http://www.w3.org/1998/Math/MathML">
            <apply>
              <times/>
              <ci> k </ci>
              <ci> complex_protein_Ribo_transcript_vioB </ci>
            </apply>
          </math>
          <listOfLocalParameters>
            <localParameter id="k" value="10"/>
          </listOfLocalParameters>
        </kineticLaw>
      </reaction>
      <reaction id="r14" name="r14" reversible="false">
        <annotation>
          <PropensityType> type=massaction k=0.05</PropensityType>
        </annotation>
        <listOfReactants>
          <speciesReference species="complex_protein_Ribo_transcript_vioB" stoichiometry="1" constant="false"/>
        </listOfReactants>
        <listOfProducts>
          <speciesReference species="transcript_vioB" stoichiometry="1" constant="false"/>
          <speciesReference species="enzyme_VioB" stoichiometry="1" constant="false"/>
          <speciesReference species="protein_Ribo" stoichiometry="1" constant="false"/>
        </listOfProducts>
        <kineticLaw>
          <math xmlns="http://www.w3.org/1998/Math/MathML">
            <apply>
              <times/>
              <ci> k </ci>
              <ci> complex_protein_Ribo_transcript_vioB </ci>
            </apply>
          </math>
          <listOfLocalParameters>
            <localParameter id="k" value="0.05"/>
          </listOfLocalParameters>
        </kineticLaw>
      </reaction>
      <reaction id="r15" name="r15" reversible="false">
        <annotation>
          <PropensityType> type=massaction k=100.0</PropensityType>
        </annotation>
        <listOfReactants>
          <speciesReference species="transcript_vioB" stoichiometry="1" constant="false"/>
          <speciesReference species="protein_RNAase" stoichiometry="1" constant="false"/>
        </listOfReactants>
        <listOfProducts>
          <speciesReference species="complex_protein_RNAase_transcript_vioB" stoichiometry="1" constant="false"/>
        </listOfProducts>
        <kineticLaw>
          <math xmlns="http://www.w3.org/1998/Math/MathML">
            <apply>
              <times/>
              <ci> k </ci>
              <ci> transcript_vioB </ci>
              <ci> protein_RNAase </ci>
            </apply>
          </math>
          <listOfLocalParameters>
            <localParameter id="k" value="100"/>
          </listOfLocalParameters>
        </kineticLaw>
      </reaction>
      <reaction id="r15_1" name="r15_1" reversible="false">
        <annotation>
          <PropensityType> type=massaction k=10.0</PropensityType>
        </annotation>
        <listOfReactants>
          <speciesReference species="complex_protein_RNAase_transcript_vioB" stoichiometry="1" constant="false"/>
        </listOfReactants>
        <listOfProducts>
          <speciesReference species="transcript_vioB" stoichiometry="1" constant="false"/>
          <speciesReference species="protein_RNAase" stoichiometry="1" constant="false"/>
        </listOfProducts>
        <kineticLaw>
          <math xmlns="http://www.w3.org/1998/Math/MathML">
            <apply>
              <times/>
              <ci> k </ci>
              <ci> complex_protein_RNAase_transcript_vioB </ci>
            </apply>
          </math>
          <listOfLocalParameters>
            <localParameter id="k" value="10"/>
          </listOfLocalParameters>
        </kineticLaw>
      </reaction>
      <reaction id="r17" name="r17" reversible="false">
        <annotation>
          <PropensityType> type=massaction k=0.001</PropensityType>
        </annotation>
        <listOfReactants>
          <speciesReference species="complex_protein_RNAase_transcript_vioB" stoichiometry="1" constant="false"/>
        </listOfReactants>
        <listOfProducts>
          <speciesReference species="protein_RNAase" stoichiometry="1" constant="false"/>
        </listOfProducts>
        <kineticLaw>
          <math xmlns="http://www.w3.org/1998/Math/MathML">
            <apply>
              <times/>
              <ci> k </ci>
              <ci> complex_protein_RNAase_transcript_vioB </ci>
            </apply>
          </math>
          <listOfLocalParameters>
            <localParameter id="k" value="0.001"/>
          </listOfLocalParameters>
        </kineticLaw>
      </reaction>
      <reaction id="r18" name="r18" reversible="false">
        <annotation>
          <PropensityType> type=massaction k=100.0</PropensityType>
        </annotation>
        <listOfReactants>
          <speciesReference species="dna_dna_vioE" stoichiometry="1" constant="false"/>
          <speciesReference species="protein_RNAP" stoichiometry="1" constant="false"/>
        </listOfReactants>
        <listOfProducts>
          <speciesReference species="complex_dna_dna_vioE_protein_RNAP" stoichiometry="1" constant="false"/>
        </listOfProducts>
        <kineticLaw>
          <math xmlns="http://www.w3.org/1998/Math/MathML">
            <apply>
              <times/>
              <ci> k </ci>
              <ci> dna_dna_vioE </ci>
              <ci> protein_RNAP </ci>
            </apply>
          </math>
          <listOfLocalParameters>
            <localParameter id="k" value="100"/>
          </listOfLocalParameters>
        </kineticLaw>
      </reaction>
      <reaction id="r18_1" name="r18_1" reversible="false">
        <annotation>
          <PropensityType> type=massaction k=10.0</PropensityType>
        </annotation>
        <listOfReactants>
          <speciesReference species="complex_dna_dna_vioE_protein_RNAP" stoichiometry="1" constant="false"/>
        </listOfReactants>
        <listOfProducts>
          <speciesReference species="dna_dna_vioE" stoichiometry="1" constant="false"/>
          <speciesReference species="protein_RNAP" stoichiometry="1" constant="false"/>
        </listOfProducts>
        <kineticLaw>
          <math xmlns="http://www.w3.org/1998/Math/MathML">
            <apply>
              <times/>
              <ci> k </ci>
              <ci> complex_dna_dna_vioE_protein_RNAP </ci>
            </apply>
          </math>
          <listOfLocalParameters>
            <localParameter id="k" value="10"/>
          </listOfLocalParameters>
        </kineticLaw>
      </reaction>
      <reaction id="r20" name="r20" reversible="false">
        <annotation>
          <PropensityType> type=massaction k=0.05</PropensityType>
        </annotation>
        <listOfReactants>
          <speciesReference species="complex_dna_dna_vioE_protein_RNAP" stoichiometry="1" constant="false"/>
        </listOfReactants>
        <listOfProducts>
          <speciesReference species="dna_dna_vioE" stoichiometry="1" constant="false"/>
          <speciesReference species="transcript_vioE" stoichiometry="1" constant="false"/>
          <speciesReference species="protein_RNAP" stoichiometry="1" constant="false"/>
        </listOfProducts>
        <kineticLaw>
          <math xmlns="http://www.w3.org/1998/Math/MathML">
            <apply>
              <times/>
              <ci> k </ci>
              <ci> complex_dna_dna_vioE_protein_RNAP </ci>
            </apply>
          </math>
          <listOfLocalParameters>
            <localParameter id="k" value="0.05"/>
          </listOfLocalParameters>
        </kineticLaw>
      </reaction>
      <reaction id="r21" name="r21" reversible="false">
        <annotation>
          <PropensityType> type=massaction k=100.0</PropensityType>
        </annotation>
        <listOfReactants>
          <speciesReference species="transcript_vioE" stoichiometry="1" constant="false"/>
          <speciesReference species="protein_Ribo" stoichiometry="1" constant="false"/>
        </listOfReactants>
        <listOfProducts>
          <speciesReference species="complex_protein_Ribo_transcript_vioE" stoichiometry="1" constant="false"/>
        </listOfProducts>
        <kineticLaw>
          <math xmlns="http://www.w3.org/1998/Math/MathML">
            <apply>
              <times/>
              <ci> k </ci>
              <ci> transcript_vioE </ci>
              <ci> protein_Ribo </ci>
            </apply>
          </math>
          <listOfLocalParameters>
            <localParameter id="k" value="100"/>
          </listOfLocalParameters>
        </kineticLaw>
      </reaction>
      <reaction id="r21_1" name="r21_1" reversible="false">
        <annotation>
          <PropensityType> type=massaction k=10.0</PropensityType>
        </annotation>
        <listOfReactants>
          <speciesReference species="complex_protein_Ribo_transcript_vioE" stoichiometry="1" constant="false"/>
        </listOfReactants>
        <listOfProducts>
          <speciesReference species="transcript_vioE" stoichiometry="1" constant="false"/>
          <speciesReference species="protein_Ribo" stoichiometry="1" constant="false"/>
        </listOfProducts>
        <kineticLaw>
          <math xmlns="http://www.w3.org/1998/Math/MathML">
            <apply>
              <times/>
              <ci> k </ci>
              <ci> complex_protein_Ribo_transcript_vioE </ci>
            </apply>
          </math>
          <listOfLocalParameters>
            <localParameter id="k" value="10"/>
          </listOfLocalParameters>
        </kineticLaw>
      </reaction>
      <reaction id="r23" name="r23" reversible="false">
        <annotation>
          <PropensityType> type=massaction k=0.05</PropensityType>
        </annotation>
        <listOfReactants>
          <speciesReference species="complex_protein_Ribo_transcript_vioE" stoichiometry="1" constant="false"/>
        </listOfReactants>
        <listOfProducts>
          <speciesReference species="transcript_vioE" stoichiometry="1" constant="false"/>
          <speciesReference species="enzyme_VioE" stoichiometry="1" constant="false"/>
          <speciesReference species="protein_Ribo" stoichiometry="1" constant="false"/>
        </listOfProducts>
        <kineticLaw>
          <math xmlns="http://www.w3.org/1998/Math/MathML">
            <apply>
              <times/>
              <ci> k </ci>
              <ci> complex_protein_Ribo_transcript_vioE </ci>
            </apply>
          </math>
          <listOfLocalParameters>
            <localParameter id="k" value="0.05"/>
          </listOfLocalParameters>
        </kineticLaw>
      </reaction>
      <reaction id="r24" name="r24" reversible="false">
        <annotation>
          <PropensityType> type=massaction k=100.0</PropensityType>
        </annotation>
        <listOfReactants>
          <speciesReference species="transcript_vioE" stoichiometry="1" constant="false"/>
          <speciesReference species="protein_RNAase" stoichiometry="1" constant="false"/>
        </listOfReactants>
        <listOfProducts>
          <speciesReference species="complex_protein_RNAase_transcript_vioE" stoichiometry="1" constant="false"/>
        </listOfProducts>
        <kineticLaw>
          <math xmlns="http://www.w3.org/1998/Math/MathML">
            <apply>
              <times/>
              <ci> k </ci>
              <ci> transcript_vioE </ci>
              <ci> protein_RNAase </ci>
            </apply>
          </math>
          <listOfLocalParameters>
            <localParameter id="k" value="100"/>
          </listOfLocalParameters>
        </kineticLaw>
      </reaction>
      <reaction id="r24_1" name="r24_1" reversible="false">
        <annotation>
          <PropensityType> type=massaction k=10.0</PropensityType>
        </annotation>
        <listOfReactants>
          <speciesReference species="complex_protein_RNAase_transcript_vioE" stoichiometry="1" constant="false"/>
        </listOfReactants>
        <listOfProducts>
          <speciesReference species="transcript_vioE" stoichiometry="1" constant="false"/>
          <speciesReference species="protein_RNAase" stoichiometry="1" constant="false"/>
        </listOfProducts>
        <kineticLaw>
          <math xmlns="http://www.w3.org/1998/Math/MathML">
            <apply>
              <times/>
              <ci> k </ci>
              <ci> complex_protein_RNAase_transcript_vioE </ci>
            </apply>
          </math>
          <listOfLocalParameters>
            <localParameter id="k" value="10"/>
          </listOfLocalParameters>
        </kineticLaw>
      </reaction>
      <reaction id="r26" name="r26" reversible="false">
        <annotation>
          <PropensityType> type=massaction k=0.001</PropensityType>
        </annotation>
        <listOfReactants>
          <speciesReference species="complex_protein_RNAase_transcript_vioE" stoichiometry="1" constant="false"/>
        </listOfReactants>
        <listOfProducts>
          <speciesReference species="protein_RNAase" stoichiometry="1" constant="false"/>
        </listOfProducts>
        <kineticLaw>
          <math xmlns="http://www.w3.org/1998/Math/MathML">
            <apply>
              <times/>
              <ci> k </ci>
              <ci> complex_protein_RNAase_transcript_vioE </ci>
            </apply>
          </math>
          <listOfLocalParameters>
            <localParameter id="k" value="0.001"/>
          </listOfLocalParameters>
        </kineticLaw>
      </reaction>
      <reaction id="r27" name="r27" reversible="false">
        <annotation>
          <PropensityType> type=massaction k=100.0</PropensityType>
        </annotation>
        <listOfReactants>
          <speciesReference species="dna_dna_vioD" stoichiometry="1" constant="false"/>
          <speciesReference species="protein_RNAP" stoichiometry="1" constant="false"/>
        </listOfReactants>
        <listOfProducts>
          <speciesReference species="complex_dna_dna_vioD_protein_RNAP" stoichiometry="1" constant="false"/>
        </listOfProducts>
        <kineticLaw>
          <math xmlns="http://www.w3.org/1998/Math/MathML">
            <apply>
              <times/>
              <ci> k </ci>
              <ci> dna_dna_vioD </ci>
              <ci> protein_RNAP </ci>
            </apply>
          </math>
          <listOfLocalParameters>
            <localParameter id="k" value="100"/>
          </listOfLocalParameters>
        </kineticLaw>
      </reaction>
      <reaction id="r27_1" name="r27_1" reversible="false">
        <annotation>
          <PropensityType> type=massaction k=10.0</PropensityType>
        </annotation>
        <listOfReactants>
          <speciesReference species="complex_dna_dna_vioD_protein_RNAP" stoichiometry="1" constant="false"/>
        </listOfReactants>
        <listOfProducts>
          <speciesReference species="dna_dna_vioD" stoichiometry="1" constant="false"/>
          <speciesReference species="protein_RNAP" stoichiometry="1" constant="false"/>
        </listOfProducts>
        <kineticLaw>
          <math xmlns="http://www.w3.org/1998/Math/MathML">
            <apply>
              <times/>
              <ci> k </ci>
              <ci> complex_dna_dna_vioD_protein_RNAP </ci>
            </apply>
          </math>
          <listOfLocalParameters>
            <localParameter id="k" value="10"/>
          </listOfLocalParameters>
        </kineticLaw>
      </reaction>
      <reaction id="r29" name="r29" reversible="false">
        <annotation>
          <PropensityType> type=massaction k=0.05</PropensityType>
        </annotation>
        <listOfReactants>
          <speciesReference species="complex_dna_dna_vioD_protein_RNAP" stoichiometry="1" constant="false"/>
        </listOfReactants>
        <listOfProducts>
          <speciesReference species="dna_dna_vioD" stoichiometry="1" constant="false"/>
          <speciesReference species="transcript_vioD" stoichiometry="1" constant="false"/>
          <speciesReference species="protein_RNAP" stoichiometry="1" constant="false"/>
        </listOfProducts>
        <kineticLaw>
          <math xmlns="http://www.w3.org/1998/Math/MathML">
            <apply>
              <times/>
              <ci> k </ci>
              <ci> complex_dna_dna_vioD_protein_RNAP </ci>
            </apply>
          </math>
          <listOfLocalParameters>
            <localParameter id="k" value="0.05"/>
          </listOfLocalParameters>
        </kineticLaw>
      </reaction>
      <reaction id="r30" name="r30" reversible="false">
        <annotation>
          <PropensityType> type=massaction k=100.0</PropensityType>
        </annotation>
        <listOfReactants>
          <speciesReference species="transcript_vioD" stoichiometry="1" constant="false"/>
          <speciesReference species="protein_Ribo" stoichiometry="1" constant="false"/>
        </listOfReactants>
        <listOfProducts>
          <speciesReference species="complex_protein_Ribo_transcript_vioD" stoichiometry="1" constant="false"/>
        </listOfProducts>
        <kineticLaw>
          <math xmlns="http://www.w3.org/1998/Math/MathML">
            <apply>
              <times/>
              <ci> k </ci>
              <ci> transcript_vioD </ci>
              <ci> protein_Ribo </ci>
            </apply>
          </math>
          <listOfLocalParameters>
            <localParameter id="k" value="100"/>
          </listOfLocalParameters>
        </kineticLaw>
      </reaction>
      <reaction id="r30_1" name="r30_1" reversible="false">
        <annotation>
          <PropensityType> type=massaction k=10.0</PropensityType>
        </annotation>
        <listOfReactants>
          <speciesReference species="complex_protein_Ribo_transcript_vioD" stoichiometry="1" constant="false"/>
        </listOfReactants>
        <listOfProducts>
          <speciesReference species="transcript_vioD" stoichiometry="1" constant="false"/>
          <speciesReference species="protein_Ribo" stoichiometry="1" constant="false"/>
        </listOfProducts>
        <kineticLaw>
          <math xmlns="http://www.w3.org/1998/Math/MathML">
            <apply>
              <times/>
              <ci> k </ci>
              <ci> complex_protein_Ribo_transcript_vioD </ci>
            </apply>
          </math>
          <listOfLocalParameters>
            <localParameter id="k" value="10"/>
          </listOfLocalParameters>
        </kineticLaw>
      </reaction>
      <reaction id="r32" name="r32" reversible="false">
        <annotation>
          <PropensityType> type=massaction k=0.05</PropensityType>
        </annotation>
        <listOfReactants>
          <speciesReference species="complex_protein_Ribo_transcript_vioD" stoichiometry="1" constant="false"/>
        </listOfReactants>
        <listOfProducts>
          <speciesReference species="transcript_vioD" stoichiometry="1" constant="false"/>
          <speciesReference species="enzyme_VioD" stoichiometry="1" constant="false"/>
          <speciesReference species="protein_Ribo" stoichiometry="1" constant="false"/>
        </listOfProducts>
        <kineticLaw>
          <math xmlns="http://www.w3.org/1998/Math/MathML">
            <apply>
              <times/>
              <ci> k </ci>
              <ci> complex_protein_Ribo_transcript_vioD </ci>
            </apply>
          </math>
          <listOfLocalParameters>
            <localParameter id="k" value="0.05"/>
          </listOfLocalParameters>
        </kineticLaw>
      </reaction>
      <reaction id="r33" name="r33" reversible="false">
        <annotation>
          <PropensityType> type=massaction k=100.0</PropensityType>
        </annotation>
        <listOfReactants>
          <speciesReference species="transcript_vioD" stoichiometry="1" constant="false"/>
          <speciesReference species="protein_RNAase" stoichiometry="1" constant="false"/>
        </listOfReactants>
        <listOfProducts>
          <speciesReference species="complex_protein_RNAase_transcript_vioD" stoichiometry="1" constant="false"/>
        </listOfProducts>
        <kineticLaw>
          <math xmlns="http://www.w3.org/1998/Math/MathML">
            <apply>
              <times/>
              <ci> k </ci>
              <ci> transcript_vioD </ci>
              <ci> protein_RNAase </ci>
            </apply>
          </math>
          <listOfLocalParameters>
            <localParameter id="k" value="100"/>
          </listOfLocalParameters>
        </kineticLaw>
      </reaction>
      <reaction id="r33_1" name="r33_1" reversible="false">
        <annotation>
          <PropensityType> type=massaction k=10.0</PropensityType>
        </annotation>
        <listOfReactants>
          <speciesReference species="complex_protein_RNAase_transcript_vioD" stoichiometry="1" constant="false"/>
        </listOfReactants>
        <listOfProducts>
          <speciesReference species="transcript_vioD" stoichiometry="1" constant="false"/>
          <speciesReference species="protein_RNAase" stoichiometry="1" constant="false"/>
        </listOfProducts>
        <kineticLaw>
          <math xmlns="http://www.w3.org/1998/Math/MathML">
            <apply>
              <times/>
              <ci> k </ci>
              <ci> complex_protein_RNAase_transcript_vioD </ci>
            </apply>
          </math>
          <listOfLocalParameters>
            <localParameter id="k" value="10"/>
          </listOfLocalParameters>
        </kineticLaw>
      </reaction>
      <reaction id="r35" name="r35" reversible="false">
        <annotation>
          <PropensityType> type=massaction k=0.001</PropensityType>
        </annotation>
        <listOfReactants>
          <speciesReference species="complex_protein_RNAase_transcript_vioD" stoichiometry="1" constant="false"/>
        </listOfReactants>
        <listOfProducts>
          <speciesReference species="protein_RNAase" stoichiometry="1" constant="false"/>
        </listOfProducts>
        <kineticLaw>
          <math xmlns="http://www.w3.org/1998/Math/MathML">
            <apply>
              <times/>
              <ci> k </ci>
              <ci> complex_protein_RNAase_transcript_vioD </ci>
            </apply>
          </math>
          <listOfLocalParameters>
            <localParameter id="k" value="0.001"/>
          </listOfLocalParameters>
        </kineticLaw>
      </reaction>
      <reaction id="r36" name="r36" reversible="false">
        <annotation>
          <PropensityType> type=massaction k=10</PropensityType>
        </annotation>
        <listOfReactants>
          <speciesReference species="TRP" stoichiometry="1" constant="false"/>
          <speciesReference species="enzyme_VioA" stoichiometry="1" constant="false"/>
        </listOfReactants>
        <listOfProducts>
          <speciesReference species="complex_TRP_enzyme_VioA" stoichiometry="1" constant="false"/>
        </listOfProducts>
        <kineticLaw>
          <math xmlns="http://www.w3.org/1998/Math/MathML">
            <apply>
              <times/>
              <ci> k </ci>
              <ci> TRP </ci>
              <ci> enzyme_VioA </ci>
            </apply>
          </math>
          <listOfLocalParameters>
            <localParameter id="k" value="10"/>
          </listOfLocalParameters>
        </kineticLaw>
      </reaction>
      <reaction id="r36_1" name="r36_1" reversible="false">
        <annotation>
          <PropensityType> type=massaction k=1</PropensityType>
        </annotation>
        <listOfReactants>
          <speciesReference species="complex_TRP_enzyme_VioA" stoichiometry="1" constant="false"/>
        </listOfReactants>
        <listOfProducts>
          <speciesReference species="TRP" stoichiometry="1" constant="false"/>
          <speciesReference species="enzyme_VioA" stoichiometry="1" constant="false"/>
        </listOfProducts>
        <kineticLaw>
          <math xmlns="http://www.w3.org/1998/Math/MathML">
            <apply>
              <times/>
              <ci> k </ci>
              <ci> complex_TRP_enzyme_VioA </ci>
            </apply>
          </math>
          <listOfLocalParameters>
            <localParameter id="k" value="1"/>
          </listOfLocalParameters>
        </kineticLaw>
      </reaction>
      <reaction id="r38" name="r38" reversible="false">
        <annotation>
          <PropensityType> type=massaction k=203</PropensityType>
        </annotation>
        <listOfReactants>
          <speciesReference species="complex_TRP_enzyme_VioA" stoichiometry="1" constant="false"/>
        </listOfReactants>
        <listOfProducts>
          <speciesReference species="IPA_imine" stoichiometry="1" constant="false"/>
          <speciesReference species="enzyme_VioA" stoichiometry="1" constant="false"/>
        </listOfProducts>
        <kineticLaw>
          <math xmlns="http://www.w3.org/1998/Math/MathML">
            <apply>
              <times/>
              <ci> k </ci>
              <ci> complex_TRP_enzyme_VioA </ci>
            </apply>
          </math>
          <listOfLocalParameters>
            <localParameter id="k" value="203"/>
          </listOfLocalParameters>
        </kineticLaw>
      </reaction>
      <reaction id="r39" name="r39" reversible="false">
        <annotation>
          <PropensityType> type=massaction k=10</PropensityType>
        </annotation>
        <listOfReactants>
          <speciesReference species="IPA_imine" stoichiometry="2" constant="false"/>
          <speciesReference species="enzyme_VioB" stoichiometry="1" constant="false"/>
        </listOfReactants>
        <listOfProducts>
          <speciesReference species="complex_2x_IPA_imine_enzyme_VioB" stoichiometry="1" constant="false"/>
        </listOfProducts>
        <kineticLaw>
          <math xmlns="http://www.w3.org/1998/Math/MathML">
            <apply>
              <times/>
              <ci> k </ci>
              <apply>
                <power/>
                <ci> IPA_imine </ci>
                <cn type="integer"> 2 </cn>
              </apply>
              <ci> enzyme_VioB </ci>
            </apply>
          </math>
          <listOfLocalParameters>
            <localParameter id="k" value="10"/>
          </listOfLocalParameters>
        </kineticLaw>
      </reaction>
      <reaction id="r39_1" name="r39_1" reversible="false">
        <annotation>
          <PropensityType> type=massaction k=1</PropensityType>
        </annotation>
        <listOfReactants>
          <speciesReference species="complex_2x_IPA_imine_enzyme_VioB" stoichiometry="1" constant="false"/>
        </listOfReactants>
        <listOfProducts>
          <speciesReference species="IPA_imine" stoichiometry="2" constant="false"/>
          <speciesReference species="enzyme_VioB" stoichiometry="1" constant="false"/>
        </listOfProducts>
        <kineticLaw>
          <math xmlns="http://www.w3.org/1998/Math/MathML">
            <apply>
              <times/>
              <ci> k </ci>
              <ci> complex_2x_IPA_imine_enzyme_VioB </ci>
            </apply>
          </math>
          <listOfLocalParameters>
            <localParameter id="k" value="1"/>
          </listOfLocalParameters>
        </kineticLaw>
      </reaction>
      <reaction id="r41" name="r41" reversible="false">
        <annotation>
          <PropensityType> type=massaction k=4500.0</PropensityType>
        </annotation>
        <listOfReactants>
          <speciesReference species="complex_2x_IPA_imine_enzyme_VioB" stoichiometry="1" constant="false"/>
        </listOfReactants>
        <listOfProducts>
          <speciesReference species="IPA_imine_dimer" stoichiometry="1" constant="false"/>
          <speciesReference species="enzyme_VioB" stoichiometry="1" constant="false"/>
        </listOfProducts>
        <kineticLaw>
          <math xmlns="http://www.w3.org/1998/Math/MathML">
            <apply>
              <times/>
              <ci> k </ci>
              <ci> complex_2x_IPA_imine_enzyme_VioB </ci>
            </apply>
          </math>
          <listOfLocalParameters>
            <localParameter id="k" value="4500"/>
          </listOfLocalParameters>
        </kineticLaw>
      </reaction>
      <reaction id="r42" name="r42" reversible="false">
        <annotation>
          <PropensityType> type=massaction k=100.0</PropensityType>
        </annotation>
        <listOfReactants>
          <speciesReference species="IPA_imine_dimer" stoichiometry="1" constant="false"/>
          <speciesReference species="enzyme_VioE" stoichiometry="1" constant="false"/>
        </listOfReactants>
        <listOfProducts>
          <speciesReference species="complex_IPA_imine_dimer_enzyme_VioE" stoichiometry="1" constant="false"/>
        </listOfProducts>
        <kineticLaw>
          <math xmlns="http://www.w3.org/1998/Math/MathML">
            <apply>
              <times/>
              <ci> k </ci>
              <ci> IPA_imine_dimer </ci>
              <ci> enzyme_VioE </ci>
            </apply>
          </math>
          <listOfLocalParameters>
            <localParameter id="k" value="100"/>
          </listOfLocalParameters>
        </kineticLaw>
      </reaction>
      <reaction id="r42_1" name="r42_1" reversible="false">
        <annotation>
          <PropensityType> type=massaction k=10.0</PropensityType>
        </annotation>
        <listOfReactants>
          <speciesReference species="complex_IPA_imine_dimer_enzyme_VioE" stoichiometry="1" constant="false"/>
        </listOfReactants>
        <listOfProducts>
          <speciesReference species="IPA_imine_dimer" stoichiometry="1" constant="false"/>
          <speciesReference species="enzyme_VioE" stoichiometry="1" constant="false"/>
        </listOfProducts>
        <kineticLaw>
          <math xmlns="http://www.w3.org/1998/Math/MathML">
            <apply>
              <times/>
              <ci> k </ci>
              <ci> complex_IPA_imine_dimer_enzyme_VioE </ci>
            </apply>
          </math>
          <listOfLocalParameters>
            <localParameter id="k" value="10"/>
          </listOfLocalParameters>
        </kineticLaw>
      </reaction>
      <reaction id="r44" name="r44" reversible="false">
        <annotation>
          <PropensityType> type=massaction k=100</PropensityType>
        </annotation>
        <listOfReactants>
          <speciesReference species="complex_IPA_imine_dimer_enzyme_VioE" stoichiometry="1" constant="false"/>
        </listOfReactants>
        <listOfProducts>
          <speciesReference species="PTDVA" stoichiometry="1" constant="false"/>
          <speciesReference species="enzyme_VioE" stoichiometry="1" constant="false"/>
        </listOfProducts>
        <kineticLaw>
          <math xmlns="http://www.w3.org/1998/Math/MathML">
            <apply>
              <times/>
              <ci> k </ci>
              <ci> complex_IPA_imine_dimer_enzyme_VioE </ci>
            </apply>
          </math>
          <listOfLocalParameters>
            <localParameter id="k" value="100"/>
          </listOfLocalParameters>
        </kineticLaw>
      </reaction>
      <reaction id="r45" name="r45" reversible="false">
        <annotation>
          <PropensityType> type=massaction k=100.0</PropensityType>
        </annotation>
        <listOfReactants>
          <speciesReference species="PTDVA" stoichiometry="1" constant="false"/>
          <speciesReference species="enzyme_VioD" stoichiometry="1" constant="false"/>
        </listOfReactants>
        <listOfProducts>
          <speciesReference species="complex_PTDVA_enzyme_VioD" stoichiometry="1" constant="false"/>
        </listOfProducts>
        <kineticLaw>
          <math xmlns="http://www.w3.org/1998/Math/MathML">
            <apply>
              <times/>
              <ci> k </ci>
              <ci> PTDVA </ci>
              <ci> enzyme_VioD </ci>
            </apply>
          </math>
          <listOfLocalParameters>
            <localParameter id="k" value="100"/>
          </listOfLocalParameters>
        </kineticLaw>
      </reaction>
      <reaction id="r45_1" name="r45_1" reversible="false">
        <annotation>
          <PropensityType> type=massaction k=10.0</PropensityType>
        </annotation>
        <listOfReactants>
          <speciesReference species="complex_PTDVA_enzyme_VioD" stoichiometry="1" constant="false"/>
        </listOfReactants>
        <listOfProducts>
          <speciesReference species="PTDVA" stoichiometry="1" constant="false"/>
          <speciesReference species="enzyme_VioD" stoichiometry="1" constant="false"/>
        </listOfProducts>
        <kineticLaw>
          <math xmlns="http://www.w3.org/1998/Math/MathML">
            <apply>
              <times/>
              <ci> k </ci>
              <ci> complex_PTDVA_enzyme_VioD </ci>
            </apply>
          </math>
          <listOfLocalParameters>
            <localParameter id="k" value="10"/>
          </listOfLocalParameters>
        </kineticLaw>
      </reaction>
      <reaction id="r47" name="r47" reversible="false">
        <annotation>
          <PropensityType> type=massaction k=100</PropensityType>
        </annotation>
        <listOfReactants>
          <speciesReference species="complex_PTDVA_enzyme_VioD" stoichiometry="1" constant="false"/>
        </listOfReactants>
        <listOfProducts>
          <speciesReference species="PTVA" stoichiometry="1" constant="false"/>
          <speciesReference species="enzyme_VioD" stoichiometry="1" constant="false"/>
        </listOfProducts>
        <kineticLaw>
          <math xmlns="http://www.w3.org/1998/Math/MathML">
            <apply>
              <times/>
              <ci> k </ci>
              <ci> complex_PTDVA_enzyme_VioD </ci>
            </apply>
          </math>
          <listOfLocalParameters>
            <localParameter id="k" value="100"/>
          </listOfLocalParameters>
        </kineticLaw>
      </reaction>
    </listOfReactions>
  </model>
</sbml>
