<?xml version="1.0" encoding="UTF-8"?>
<sbml xmlns="http://www.sbml.org/sbml/level3/version2/core" level="3" version="2">
  <model id="combined_model_of__combined_model_of__external_environment_model_combined_model_of__ahl_membrane_combined_model_of__biocrnpyler_776499" substanceUnits="mole" timeUnits="second" volumeUnits="litre" areaUnits="square_metre" lengthUnits="metre" extentUnits="mole">
    <listOfUnitDefinitions>
      <unitDefinition id="square_metre">
        <listOfUnits>
          <unit kind="metre" exponent="2" scale="0" multiplier="1"/>
        </listOfUnits>
      </unitDefinition>
      <unitDefinition id="per_second">
        <listOfUnits>
          <unit kind="second" exponent="-1" scale="0" multiplier="1"/>
        </listOfUnits>
      </unitDefinition>
      <unitDefinition id="substance">
        <listOfUnits>
          <unit kind="dimensionless" exponent="1" scale="0" multiplier="1"/>
        </listOfUnits>
      </unitDefinition>
    </listOfUnitDefinitions>
    <listOfCompartments>
      <compartment id="liposome_1_external_combined" name="liposome_1_external" spatialDimensions="3" size="4e-06" units="litre" constant="true"/>
      <compartment id="liposome_1_internal_combined" name="liposome_1_internal" spatialDimensions="3" size="3e-06" units="litre" constant="true"/>
    </listOfCompartments>
    <listOfSpecies>
      <species id="PTVA_external_environment_model_1_combined" name="PTVA" compartment="liposome_1_external_combined" initialConcentration="0" substanceUnits="substance" hasOnlySubstanceUnits="false" boundaryCondition="false" constant="false"/>
      <species id="PTDVA_external_environment_model_1_combined" name="PTDVA" compartment="liposome_1_external_combined" initialConcentration="0" substanceUnits="substance" hasOnlySubstanceUnits="false" boundaryCondition="false" constant="false"/>
      <species id="complex_protein_RNAase_transcript_vioA_biocrnpyler_776499" name="complex_protein_RNAase_transcript_vioA" compartment="liposome_1_internal_combined" initialConcentration="0" hasOnlySubstanceUnits="false" boundaryCondition="false" constant="false"/>
      <species id="transcript_vioA_biocrnpyler_776499" name="transcript_vioA" compartment="liposome_1_internal_combined" initialConcentration="0" hasOnlySubstanceUnits="false" boundaryCondition="false" constant="false"/>
      <species id="enzyme_VioA_biocrnpyler_776499" name="enzyme_VioA" compartment="liposome_1_internal_combined" initialConcentration="0" hasOnlySubstanceUnits="false" boundaryCondition="false" constant="false"/>
      <species id="protein_RNAP_biocrnpyler_776499" name="protein_RNAP" compartment="liposome_1_internal_combined" initialConcentration="3" hasOnlySubstanceUnits="false" boundaryCondition="false" constant="false"/>
      <species id="complex_protein_Ribo_transcript_vioA_biocrnpyler_776499" name="complex_protein_Ribo_transcript_vioA" compartment="liposome_1_internal_combined" initialConcentration="0" hasOnlySubstanceUnits="false" boundaryCondition="false" constant="false"/>
      <species id="protein_RNAase_biocrnpyler_776499" name="protein_RNAase" compartment="liposome_1_internal_combined" initialConcentration="6" hasOnlySubstanceUnits="false" boundaryCondition="false" constant="false"/>
      <species id="complex_dna_dna_vioA_protein_RNAP_biocrnpyler_776499" name="complex_dna_dna_vioA_protein_RNAP" compartment="liposome_1_internal_combined" initialConcentration="0" hasOnlySubstanceUnits="false" boundaryCondition="false" constant="false"/>
      <species id="protein_Ribo_biocrnpyler_776499" name="protein_Ribo" compartment="liposome_1_internal_combined" initialConcentration="24" hasOnlySubstanceUnits="false" boundaryCondition="false" constant="false"/>
      <species id="dna_dna_vioA_biocrnpyler_776499" name="dna_dna_vioA" compartment="liposome_1_internal_combined" initialConcentration="0" hasOnlySubstanceUnits="false" boundaryCondition="false" constant="false"/>
      <species id="complex_protein_Ribo_transcript_vioB_biocrnpyler_776499" name="complex_protein_Ribo_transcript_vioB" compartment="liposome_1_internal_combined" initialConcentration="0" hasOnlySubstanceUnits="false" boundaryCondition="false" constant="false"/>
      <species id="complex_protein_RNAase_transcript_vioB_biocrnpyler_776499" name="complex_protein_RNAase_transcript_vioB" compartment="liposome_1_internal_combined" initialConcentration="0" hasOnlySubstanceUnits="false" boundaryCondition="false" constant="false"/>
      <species id="transcript_vioB_biocrnpyler_776499" name="transcript_vioB" compartment="liposome_1_internal_combined" initialConcentration="0" hasOnlySubstanceUnits="false" boundaryCondition="false" constant="false"/>
      <species id="enzyme_VioB_biocrnpyler_776499" name="enzyme_VioB" compartment="liposome_1_internal_combined" initialConcentration="0" hasOnlySubstanceUnits="false" boundaryCondition="false" constant="false"/>
      <species id="complex_dna_dna_vioB_protein_RNAP_biocrnpyler_776499" name="complex_dna_dna_vioB_protein_RNAP" compartment="liposome_1_internal_combined" initialConcentration="0" hasOnlySubstanceUnits="false" boundaryCondition="false" constant="false"/>
      <species id="dna_dna_vioB_biocrnpyler_776499" name="dna_dna_vioB" compartment="liposome_1_internal_combined" initialConcentration="0" hasOnlySubstanceUnits="false" boundaryCondition="false" constant="false"/>
      <species id="complex_protein_Ribo_transcript_vioE_biocrnpyler_776499" name="complex_protein_Ribo_transcript_vioE" compartment="liposome_1_internal_combined" initialConcentration="0" hasOnlySubstanceUnits="false" boundaryCondition="false" constant="false"/>
      <species id="dna_dna_vioE_biocrnpyler_776499" name="dna_dna_vioE" compartment="liposome_1_internal_combined" initialConcentration="0" hasOnlySubstanceUnits="false" boundaryCondition="false" constant="false"/>
      <species id="transcript_vioE_biocrnpyler_776499" name="transcript_vioE" compartment="liposome_1_internal_combined" initialConcentration="0" hasOnlySubstanceUnits="false" boundaryCondition="false" constant="false"/>
      <species id="complex_dna_dna_vioE_protein_RNAP_biocrnpyler_776499" name="complex_dna_dna_vioE_protein_RNAP" compartment="liposome_1_internal_combined" initialConcentration="0" hasOnlySubstanceUnits="false" boundaryCondition="false" constant="false"/>
      <species id="enzyme_VioE_biocrnpyler_776499" name="enzyme_VioE" compartment="liposome_1_internal_combined" initialConcentration="0" hasOnlySubstanceUnits="false" boundaryCondition="false" constant="false"/>
      <species id="complex_protein_RNAase_transcript_vioE_biocrnpyler_776499" name="complex_protein_RNAase_transcript_vioE" compartment="liposome_1_internal_combined" initialConcentration="0" hasOnlySubstanceUnits="false" boundaryCondition="false" constant="false"/>
      <species id="transcript_vioD_biocrnpyler_776499" name="transcript_vioD" compartment="liposome_1_internal_combined" initialConcentration="0" hasOnlySubstanceUnits="false" boundaryCondition="false" constant="false"/>
      <species id="dna_dna_vioD_biocrnpyler_776499" name="dna_dna_vioD" compartment="liposome_1_internal_combined" initialConcentration="0" hasOnlySubstanceUnits="false" boundaryCondition="false" constant="false"/>
      <species id="complex_protein_Ribo_transcript_vioD_biocrnpyler_776499" name="complex_protein_Ribo_transcript_vioD" compartment="liposome_1_internal_combined" initialConcentration="0" hasOnlySubstanceUnits="false" boundaryCondition="false" constant="false"/>
      <species id="enzyme_VioD_biocrnpyler_776499" name="enzyme_VioD" compartment="liposome_1_internal_combined" initialConcentration="0" hasOnlySubstanceUnits="false" boundaryCondition="false" constant="false"/>
      <species id="complex_dna_dna_vioD_protein_RNAP_biocrnpyler_776499" name="complex_dna_dna_vioD_protein_RNAP" compartment="liposome_1_internal_combined" initialConcentration="0" hasOnlySubstanceUnits="false" boundaryCondition="false" constant="false"/>
      <species id="complex_protein_RNAase_transcript_vioD_biocrnpyler_776499" name="complex_protein_RNAase_transcript_vioD" compartment="liposome_1_internal_combined" initialConcentration="0" hasOnlySubstanceUnits="false" boundaryCondition="false" constant="false"/>
      <species id="TRP_biocrnpyler_776499" name="TRP" compartment="liposome_1_internal_combined" initialConcentration="0" hasOnlySubstanceUnits="false" boundaryCondition="false" constant="false"/>
      <species id="IPA_imine_biocrnpyler_776499" name="IPA_imine" compartment="liposome_1_internal_combined" initialConcentration="0" hasOnlySubstanceUnits="false" boundaryCondition="false" constant="false"/>
      <species id="complex_TRP_enzyme_VioA_biocrnpyler_776499" name="complex_TRP_enzyme_VioA" compartment="liposome_1_internal_combined" initialConcentration="0" hasOnlySubstanceUnits="false" boundaryCondition="false" constant="false"/>
      <species id="IPA_imine_dimer_biocrnpyler_776499" name="IPA_imine_dimer" compartment="liposome_1_internal_combined" initialConcentration="0" hasOnlySubstanceUnits="false" boundaryCondition="false" constant="false"/>
      <species id="complex_2x_IPA_imine_enzyme_VioB_biocrnpyler_776499" name="complex_2x_IPA_imine_enzyme_VioB" compartment="liposome_1_internal_combined" initialConcentration="0" hasOnlySubstanceUnits="false" boundaryCondition="false" constant="false"/>
      <species id="PTDVA_2_combined" name="PTDVA" compartment="liposome_1_internal_combined" initialConcentration="0" hasOnlySubstanceUnits="false" boundaryCondition="false" constant="false"/>
      <species id="complex_IPA_imine_dimer_enzyme_VioE_biocrnpyler_776499" name="complex_IPA_imine_dimer_enzyme_VioE" compartment="liposome_1_internal_combined" initialConcentration="0" hasOnlySubstanceUnits="false" boundaryCondition="false" constant="false"/>
      <species id="PTVA_2_combined" name="PTVA" compartment="liposome_1_internal_combined" initialConcentration="0" hasOnlySubstanceUnits="false" boundaryCondition="false" constant="false"/>
      <species id="complex_PTDVA_enzyme_VioD_biocrnpyler_776499" name="complex_PTDVA_enzyme_VioD" compartment="liposome_1_internal_combined" initialConcentration="0" hasOnlySubstanceUnits="false" boundaryCondition="false" constant="false"/>
    </listOfSpecies>
    <listOfParameters>
      <parameter id="kb" name="kb" value="10" units="per_second" constant="false"/>
      <parameter id="kd" name="kd" value="2" units="per_second" constant="false"/>
    </listOfParameters>
    <listOfReactions>
      <reaction id="r1" reversible="false">
        <listOfReactants>
          <speciesReference species="PTVA_2_combined" stoichiometry="1" constant="false"/>
        </listOfReactants>
        <listOfProducts>
          <speciesReference species="PTVA_external_environment_model_1_combined" stoichiometry="1" constant="false"/>
        </listOfProducts>
        <kineticLaw>
          <math xmlns="http://www.w3.org/1998/Math/MathML">
            <apply>
              <minus/>
              <apply>
                <times/>
                <ci> kb </ci>
                <ci> PTVA_2_combined </ci>
              </apply>
              <apply>
                <times/>
                <ci> kd </ci>
                <ci> PTVA_external_environment_model_1_combined </ci>
              </apply>
            </apply>
          </math>
        </kineticLaw>
      </reaction>
      <reaction id="r2" reversible="true">
        <listOfReactants>
          <speciesReference species="PTDVA_2_combined" stoichiometry="1" constant="false"/>
        </listOfReactants>
        <listOfProducts>
          <speciesReference species="PTDVA_external_environment_model_1_combined" stoichiometry="1" constant="false"/>
        </listOfProducts>
        <kineticLaw>
          <math xmlns="http://www.w3.org/1998/Math/MathML">
            <apply>
              <minus/>
              <apply>
                <times/>
                <ci> kb </ci>
                <ci> PTDVA_2_combined </ci>
              </apply>
              <apply>
                <times/>
                <ci> kd </ci>
                <ci> PTDVA_external_environment_model_1_combined </ci>
              </apply>
            </apply>
          </math>
        </kineticLaw>
      </reaction>
      <reaction id="r0_biocrnpyler_776499" name="r0" reversible="false">
        <annotation>
          <PropensityType> type=massaction k=100.0  </PropensityType>
        </annotation>
        <listOfReactants>
          <speciesReference species="dna_dna_vioA_biocrnpyler_776499" stoichiometry="1" constant="false"/>
          <speciesReference species="protein_RNAP_biocrnpyler_776499" stoichiometry="1" constant="false"/>
        </listOfReactants>
        <listOfProducts>
          <speciesReference species="complex_dna_dna_vioA_protein_RNAP_biocrnpyler_776499" stoichiometry="1" constant="false"/>
        </listOfProducts>
        <kineticLaw>
          <math xmlns="http://www.w3.org/1998/Math/MathML">
            <apply>
              <times/>
              <ci> k </ci>
              <ci> dna_dna_vioA_biocrnpyler_776499 </ci>
              <ci> protein_RNAP_biocrnpyler_776499 </ci>
            </apply>
          </math>
          <listOfLocalParameters>
            <localParameter id="k" value="100"/>
          </listOfLocalParameters>
        </kineticLaw>
      </reaction>
      <reaction id="r0_1_biocrnpyler_776499" name="r0_1" reversible="false">
        <annotation>
          <PropensityType> type=massaction k=10.0  </PropensityType>
        </annotation>
        <listOfReactants>
          <speciesReference species="complex_dna_dna_vioA_protein_RNAP_biocrnpyler_776499" stoichiometry="1" constant="false"/>
        </listOfReactants>
        <listOfProducts>
          <speciesReference species="dna_dna_vioA_biocrnpyler_776499" stoichiometry="1" constant="false"/>
          <speciesReference species="protein_RNAP_biocrnpyler_776499" stoichiometry="1" constant="false"/>
        </listOfProducts>
        <kineticLaw>
          <math xmlns="http://www.w3.org/1998/Math/MathML">
            <apply>
              <times/>
              <ci> k </ci>
              <ci> complex_dna_dna_vioA_protein_RNAP_biocrnpyler_776499 </ci>
            </apply>
          </math>
          <listOfLocalParameters>
            <localParameter id="k" value="10"/>
          </listOfLocalParameters>
        </kineticLaw>
      </reaction>
      <reaction id="r2_biocrnpyler_776499" name="r2" reversible="false">
        <annotation>
          <PropensityType> type=massaction k=0.05  </PropensityType>
        </annotation>
        <listOfReactants>
          <speciesReference species="complex_dna_dna_vioA_protein_RNAP_biocrnpyler_776499" stoichiometry="1" constant="false"/>
        </listOfReactants>
        <listOfProducts>
          <speciesReference species="dna_dna_vioA_biocrnpyler_776499" stoichiometry="1" constant="false"/>
          <speciesReference species="transcript_vioA_biocrnpyler_776499" stoichiometry="1" constant="false"/>
          <speciesReference species="protein_RNAP_biocrnpyler_776499" stoichiometry="1" constant="false"/>
        </listOfProducts>
        <kineticLaw>
          <math xmlns="http://www.w3.org/1998/Math/MathML">
            <apply>
              <times/>
              <ci> k </ci>
              <ci> complex_dna_dna_vioA_protein_RNAP_biocrnpyler_776499 </ci>
            </apply>
          </math>
          <listOfLocalParameters>
            <localParameter id="k" value="0.05"/>
          </listOfLocalParameters>
        </kineticLaw>
      </reaction>
      <reaction id="r3_biocrnpyler_776499" name="r3" reversible="false">
        <annotation>
          <PropensityType> type=massaction k=100.0  </PropensityType>
        </annotation>
        <listOfReactants>
          <speciesReference species="transcript_vioA_biocrnpyler_776499" stoichiometry="1" constant="false"/>
          <speciesReference species="protein_Ribo_biocrnpyler_776499" stoichiometry="1" constant="false"/>
        </listOfReactants>
        <listOfProducts>
          <speciesReference species="complex_protein_Ribo_transcript_vioA_biocrnpyler_776499" stoichiometry="1" constant="false"/>
        </listOfProducts>
        <kineticLaw>
          <math xmlns="http://www.w3.org/1998/Math/MathML">
            <apply>
              <times/>
              <ci> k </ci>
              <ci> transcript_vioA_biocrnpyler_776499 </ci>
              <ci> protein_Ribo_biocrnpyler_776499 </ci>
            </apply>
          </math>
          <listOfLocalParameters>
            <localParameter id="k" value="100"/>
          </listOfLocalParameters>
        </kineticLaw>
      </reaction>
      <reaction id="r3_1_biocrnpyler_776499" name="r3_1" reversible="false">
        <annotation>
          <PropensityType> type=massaction k=10.0  </PropensityType>
        </annotation>
        <listOfReactants>
          <speciesReference species="complex_protein_Ribo_transcript_vioA_biocrnpyler_776499" stoichiometry="1" constant="false"/>
        </listOfReactants>
        <listOfProducts>
          <speciesReference species="transcript_vioA_biocrnpyler_776499" stoichiometry="1" constant="false"/>
          <speciesReference species="protein_Ribo_biocrnpyler_776499" stoichiometry="1" constant="false"/>
        </listOfProducts>
        <kineticLaw>
          <math xmlns="http://www.w3.org/1998/Math/MathML">
            <apply>
              <times/>
              <ci> k </ci>
              <ci> complex_protein_Ribo_transcript_vioA_biocrnpyler_776499 </ci>
            </apply>
          </math>
          <listOfLocalParameters>
            <localParameter id="k" value="10"/>
          </listOfLocalParameters>
        </kineticLaw>
      </reaction>
      <reaction id="r5_biocrnpyler_776499" name="r5" reversible="false">
        <annotation>
          <PropensityType> type=massaction k=0.05  </PropensityType>
        </annotation>
        <listOfReactants>
          <speciesReference species="complex_protein_Ribo_transcript_vioA_biocrnpyler_776499" stoichiometry="1" constant="false"/>
        </listOfReactants>
        <listOfProducts>
          <speciesReference species="transcript_vioA_biocrnpyler_776499" stoichiometry="1" constant="false"/>
          <speciesReference species="enzyme_VioA_biocrnpyler_776499" stoichiometry="1" constant="false"/>
          <speciesReference species="protein_Ribo_biocrnpyler_776499" stoichiometry="1" constant="false"/>
        </listOfProducts>
        <kineticLaw>
          <math xmlns="http://www.w3.org/1998/Math/MathML">
            <apply>
              <times/>
              <ci> k </ci>
              <ci> complex_protein_Ribo_transcript_vioA_biocrnpyler_776499 </ci>
            </apply>
          </math>
          <listOfLocalParameters>
            <localParameter id="k" value="0.05"/>
          </listOfLocalParameters>
        </kineticLaw>
      </reaction>
      <reaction id="r6_biocrnpyler_776499" name="r6" reversible="false">
        <annotation>
          <PropensityType> type=massaction k=100.0  </PropensityType>
        </annotation>
        <listOfReactants>
          <speciesReference species="transcript_vioA_biocrnpyler_776499" stoichiometry="1" constant="false"/>
          <speciesReference species="protein_RNAase_biocrnpyler_776499" stoichiometry="1" constant="false"/>
        </listOfReactants>
        <listOfProducts>
          <speciesReference species="complex_protein_RNAase_transcript_vioA_biocrnpyler_776499" stoichiometry="1" constant="false"/>
        </listOfProducts>
        <kineticLaw>
          <math xmlns="http://www.w3.org/1998/Math/MathML">
            <apply>
              <times/>
              <ci> k </ci>
              <ci> transcript_vioA_biocrnpyler_776499 </ci>
              <ci> protein_RNAase_biocrnpyler_776499 </ci>
            </apply>
          </math>
          <listOfLocalParameters>
            <localParameter id="k" value="100"/>
          </listOfLocalParameters>
        </kineticLaw>
      </reaction>
      <reaction id="r6_1_biocrnpyler_776499" name="r6_1" reversible="false">
        <annotation>
          <PropensityType> type=massaction k=10.0  </PropensityType>
        </annotation>
        <listOfReactants>
          <speciesReference species="complex_protein_RNAase_transcript_vioA_biocrnpyler_776499" stoichiometry="1" constant="false"/>
        </listOfReactants>
        <listOfProducts>
          <speciesReference species="transcript_vioA_biocrnpyler_776499" stoichiometry="1" constant="false"/>
          <speciesReference species="protein_RNAase_biocrnpyler_776499" stoichiometry="1" constant="false"/>
        </listOfProducts>
        <kineticLaw>
          <math xmlns="http://www.w3.org/1998/Math/MathML">
            <apply>
              <times/>
              <ci> k </ci>
              <ci> complex_protein_RNAase_transcript_vioA_biocrnpyler_776499 </ci>
            </apply>
          </math>
          <listOfLocalParameters>
            <localParameter id="k" value="10"/>
          </listOfLocalParameters>
        </kineticLaw>
      </reaction>
      <reaction id="r8_biocrnpyler_776499" name="r8" reversible="false">
        <annotation>
          <PropensityType> type=massaction k=0.001  </PropensityType>
        </annotation>
        <listOfReactants>
          <speciesReference species="complex_protein_RNAase_transcript_vioA_biocrnpyler_776499" stoichiometry="1" constant="false"/>
        </listOfReactants>
        <listOfProducts>
          <speciesReference species="protein_RNAase_biocrnpyler_776499" stoichiometry="1" constant="false"/>
        </listOfProducts>
        <kineticLaw>
          <math xmlns="http://www.w3.org/1998/Math/MathML">
            <apply>
              <times/>
              <ci> k </ci>
              <ci> complex_protein_RNAase_transcript_vioA_biocrnpyler_776499 </ci>
            </apply>
          </math>
          <listOfLocalParameters>
            <localParameter id="k" value="0.001"/>
          </listOfLocalParameters>
        </kineticLaw>
      </reaction>
      <reaction id="r9_biocrnpyler_776499" name="r9" reversible="false">
        <annotation>
          <PropensityType> type=massaction k=100.0  </PropensityType>
        </annotation>
        <listOfReactants>
          <speciesReference species="dna_dna_vioB_biocrnpyler_776499" stoichiometry="1" constant="false"/>
          <speciesReference species="protein_RNAP_biocrnpyler_776499" stoichiometry="1" constant="false"/>
        </listOfReactants>
        <listOfProducts>
          <speciesReference species="complex_dna_dna_vioB_protein_RNAP_biocrnpyler_776499" stoichiometry="1" constant="false"/>
        </listOfProducts>
        <kineticLaw>
          <math xmlns="http://www.w3.org/1998/Math/MathML">
            <apply>
              <times/>
              <ci> k </ci>
              <ci> dna_dna_vioB_biocrnpyler_776499 </ci>
              <ci> protein_RNAP_biocrnpyler_776499 </ci>
            </apply>
          </math>
          <listOfLocalParameters>
            <localParameter id="k" value="100"/>
          </listOfLocalParameters>
        </kineticLaw>
      </reaction>
      <reaction id="r9_1_biocrnpyler_776499" name="r9_1" reversible="false">
        <annotation>
          <PropensityType> type=massaction k=10.0  </PropensityType>
        </annotation>
        <listOfReactants>
          <speciesReference species="complex_dna_dna_vioB_protein_RNAP_biocrnpyler_776499" stoichiometry="1" constant="false"/>
        </listOfReactants>
        <listOfProducts>
          <speciesReference species="dna_dna_vioB_biocrnpyler_776499" stoichiometry="1" constant="false"/>
          <speciesReference species="protein_RNAP_biocrnpyler_776499" stoichiometry="1" constant="false"/>
        </listOfProducts>
        <kineticLaw>
          <math xmlns="http://www.w3.org/1998/Math/MathML">
            <apply>
              <times/>
              <ci> k </ci>
              <ci> complex_dna_dna_vioB_protein_RNAP_biocrnpyler_776499 </ci>
            </apply>
          </math>
          <listOfLocalParameters>
            <localParameter id="k" value="10"/>
          </listOfLocalParameters>
        </kineticLaw>
      </reaction>
      <reaction id="r11_biocrnpyler_776499" name="r11" reversible="false">
        <annotation>
          <PropensityType> type=massaction k=0.05  </PropensityType>
        </annotation>
        <listOfReactants>
          <speciesReference species="complex_dna_dna_vioB_protein_RNAP_biocrnpyler_776499" stoichiometry="1" constant="false"/>
        </listOfReactants>
        <listOfProducts>
          <speciesReference species="dna_dna_vioB_biocrnpyler_776499" stoichiometry="1" constant="false"/>
          <speciesReference species="transcript_vioB_biocrnpyler_776499" stoichiometry="1" constant="false"/>
          <speciesReference species="protein_RNAP_biocrnpyler_776499" stoichiometry="1" constant="false"/>
        </listOfProducts>
        <kineticLaw>
          <math xmlns="http://www.w3.org/1998/Math/MathML">
            <apply>
              <times/>
              <ci> k </ci>
              <ci> complex_dna_dna_vioB_protein_RNAP_biocrnpyler_776499 </ci>
            </apply>
          </math>
          <listOfLocalParameters>
            <localParameter id="k" value="0.05"/>
          </listOfLocalParameters>
        </kineticLaw>
      </reaction>
      <reaction id="r12_biocrnpyler_776499" name="r12" reversible="false">
        <annotation>
          <PropensityType> type=massaction k=100.0  </PropensityType>
        </annotation>
        <listOfReactants>
          <speciesReference species="transcript_vioB_biocrnpyler_776499" stoichiometry="1" constant="false"/>
          <speciesReference species="protein_Ribo_biocrnpyler_776499" stoichiometry="1" constant="false"/>
        </listOfReactants>
        <listOfProducts>
          <speciesReference species="complex_protein_Ribo_transcript_vioB_biocrnpyler_776499" stoichiometry="1" constant="false"/>
        </listOfProducts>
        <kineticLaw>
          <math xmlns="http://www.w3.org/1998/Math/MathML">
            <apply>
              <times/>
              <ci> k </ci>
              <ci> transcript_vioB_biocrnpyler_776499 </ci>
              <ci> protein_Ribo_biocrnpyler_776499 </ci>
            </apply>
          </math>
          <listOfLocalParameters>
            <localParameter id="k" value="100"/>
          </listOfLocalParameters>
        </kineticLaw>
      </reaction>
      <reaction id="r12_1_biocrnpyler_776499" name="r12_1" reversible="false">
        <annotation>
          <PropensityType> type=massaction k=10.0  </PropensityType>
        </annotation>
        <listOfReactants>
          <speciesReference species="complex_protein_Ribo_transcript_vioB_biocrnpyler_776499" stoichiometry="1" constant="false"/>
        </listOfReactants>
        <listOfProducts>
          <speciesReference species="transcript_vioB_biocrnpyler_776499" stoichiometry="1" constant="false"/>
          <speciesReference species="protein_Ribo_biocrnpyler_776499" stoichiometry="1" constant="false"/>
        </listOfProducts>
        <kineticLaw>
          <math xmlns="http://www.w3.org/1998/Math/MathML">
            <apply>
              <times/>
              <ci> k </ci>
              <ci> complex_protein_Ribo_transcript_vioB_biocrnpyler_776499 </ci>
            </apply>
          </math>
          <listOfLocalParameters>
            <localParameter id="k" value="10"/>
          </listOfLocalParameters>
        </kineticLaw>
      </reaction>
      <reaction id="r14_biocrnpyler_776499" name="r14" reversible="false">
        <annotation>
          <PropensityType> type=massaction k=0.05  </PropensityType>
        </annotation>
        <listOfReactants>
          <speciesReference species="complex_protein_Ribo_transcript_vioB_biocrnpyler_776499" stoichiometry="1" constant="false"/>
        </listOfReactants>
        <listOfProducts>
          <speciesReference species="transcript_vioB_biocrnpyler_776499" stoichiometry="1" constant="false"/>
          <speciesReference species="enzyme_VioB_biocrnpyler_776499" stoichiometry="1" constant="false"/>
          <speciesReference species="protein_Ribo_biocrnpyler_776499" stoichiometry="1" constant="false"/>
        </listOfProducts>
        <kineticLaw>
          <math xmlns="http://www.w3.org/1998/Math/MathML">
            <apply>
              <times/>
              <ci> k </ci>
              <ci> complex_protein_Ribo_transcript_vioB_biocrnpyler_776499 </ci>
            </apply>
          </math>
          <listOfLocalParameters>
            <localParameter id="k" value="0.05"/>
          </listOfLocalParameters>
        </kineticLaw>
      </reaction>
      <reaction id="r15_biocrnpyler_776499" name="r15" reversible="false">
        <annotation>
          <PropensityType> type=massaction k=100.0  </PropensityType>
        </annotation>
        <listOfReactants>
          <speciesReference species="transcript_vioB_biocrnpyler_776499" stoichiometry="1" constant="false"/>
          <speciesReference species="protein_RNAase_biocrnpyler_776499" stoichiometry="1" constant="false"/>
        </listOfReactants>
        <listOfProducts>
          <speciesReference species="complex_protein_RNAase_transcript_vioB_biocrnpyler_776499" stoichiometry="1" constant="false"/>
        </listOfProducts>
        <kineticLaw>
          <math xmlns="http://www.w3.org/1998/Math/MathML">
            <apply>
              <times/>
              <ci> k </ci>
              <ci> transcript_vioB_biocrnpyler_776499 </ci>
              <ci> protein_RNAase_biocrnpyler_776499 </ci>
            </apply>
          </math>
          <listOfLocalParameters>
            <localParameter id="k" value="100"/>
          </listOfLocalParameters>
        </kineticLaw>
      </reaction>
      <reaction id="r15_1_biocrnpyler_776499" name="r15_1" reversible="false">
        <annotation>
          <PropensityType> type=massaction k=10.0  </PropensityType>
        </annotation>
        <listOfReactants>
          <speciesReference species="complex_protein_RNAase_transcript_vioB_biocrnpyler_776499" stoichiometry="1" constant="false"/>
        </listOfReactants>
        <listOfProducts>
          <speciesReference species="transcript_vioB_biocrnpyler_776499" stoichiometry="1" constant="false"/>
          <speciesReference species="protein_RNAase_biocrnpyler_776499" stoichiometry="1" constant="false"/>
        </listOfProducts>
        <kineticLaw>
          <math xmlns="http://www.w3.org/1998/Math/MathML">
            <apply>
              <times/>
              <ci> k </ci>
              <ci> complex_protein_RNAase_transcript_vioB_biocrnpyler_776499 </ci>
            </apply>
          </math>
          <listOfLocalParameters>
            <localParameter id="k" value="10"/>
          </listOfLocalParameters>
        </kineticLaw>
      </reaction>
      <reaction id="r17_biocrnpyler_776499" name="r17" reversible="false">
        <annotation>
          <PropensityType> type=massaction k=0.001  </PropensityType>
        </annotation>
        <listOfReactants>
          <speciesReference species="complex_protein_RNAase_transcript_vioB_biocrnpyler_776499" stoichiometry="1" constant="false"/>
        </listOfReactants>
        <listOfProducts>
          <speciesReference species="protein_RNAase_biocrnpyler_776499" stoichiometry="1" constant="false"/>
        </listOfProducts>
        <kineticLaw>
          <math xmlns="http://www.w3.org/1998/Math/MathML">
            <apply>
              <times/>
              <ci> k </ci>
              <ci> complex_protein_RNAase_transcript_vioB_biocrnpyler_776499 </ci>
            </apply>
          </math>
          <listOfLocalParameters>
            <localParameter id="k" value="0.001"/>
          </listOfLocalParameters>
        </kineticLaw>
      </reaction>
      <reaction id="r18_biocrnpyler_776499" name="r18" reversible="false">
        <annotation>
          <PropensityType> type=massaction k=100.0  </PropensityType>
        </annotation>
        <listOfReactants>
          <speciesReference species="dna_dna_vioE_biocrnpyler_776499" stoichiometry="1" constant="false"/>
          <speciesReference species="protein_RNAP_biocrnpyler_776499" stoichiometry="1" constant="false"/>
        </listOfReactants>
        <listOfProducts>
          <speciesReference species="complex_dna_dna_vioE_protein_RNAP_biocrnpyler_776499" stoichiometry="1" constant="false"/>
        </listOfProducts>
        <kineticLaw>
          <math xmlns="http://www.w3.org/1998/Math/MathML">
            <apply>
              <times/>
              <ci> k </ci>
              <ci> dna_dna_vioE_biocrnpyler_776499 </ci>
              <ci> protein_RNAP_biocrnpyler_776499 </ci>
            </apply>
          </math>
          <listOfLocalParameters>
            <localParameter id="k" value="100"/>
          </listOfLocalParameters>
        </kineticLaw>
      </reaction>
      <reaction id="r18_1_biocrnpyler_776499" name="r18_1" reversible="false">
        <annotation>
          <PropensityType> type=massaction k=10.0  </PropensityType>
        </annotation>
        <listOfReactants>
          <speciesReference species="complex_dna_dna_vioE_protein_RNAP_biocrnpyler_776499" stoichiometry="1" constant="false"/>
        </listOfReactants>
        <listOfProducts>
          <speciesReference species="dna_dna_vioE_biocrnpyler_776499" stoichiometry="1" constant="false"/>
          <speciesReference species="protein_RNAP_biocrnpyler_776499" stoichiometry="1" constant="false"/>
        </listOfProducts>
        <kineticLaw>
          <math xmlns="http://www.w3.org/1998/Math/MathML">
            <apply>
              <times/>
              <ci> k </ci>
              <ci> complex_dna_dna_vioE_protein_RNAP_biocrnpyler_776499 </ci>
            </apply>
          </math>
          <listOfLocalParameters>
            <localParameter id="k" value="10"/>
          </listOfLocalParameters>
        </kineticLaw>
      </reaction>
      <reaction id="r20_biocrnpyler_776499" name="r20" reversible="false">
        <annotation>
          <PropensityType> type=massaction k=0.05  </PropensityType>
        </annotation>
        <listOfReactants>
          <speciesReference species="complex_dna_dna_vioE_protein_RNAP_biocrnpyler_776499" stoichiometry="1" constant="false"/>
        </listOfReactants>
        <listOfProducts>
          <speciesReference species="dna_dna_vioE_biocrnpyler_776499" stoichiometry="1" constant="false"/>
          <speciesReference species="transcript_vioE_biocrnpyler_776499" stoichiometry="1" constant="false"/>
          <speciesReference species="protein_RNAP_biocrnpyler_776499" stoichiometry="1" constant="false"/>
        </listOfProducts>
        <kineticLaw>
          <math xmlns="http://www.w3.org/1998/Math/MathML">
            <apply>
              <times/>
              <ci> k </ci>
              <ci> complex_dna_dna_vioE_protein_RNAP_biocrnpyler_776499 </ci>
            </apply>
          </math>
          <listOfLocalParameters>
            <localParameter id="k" value="0.05"/>
          </listOfLocalParameters>
        </kineticLaw>
      </reaction>
      <reaction id="r21_biocrnpyler_776499" name="r21" reversible="false">
        <annotation>
          <PropensityType> type=massaction k=100.0  </PropensityType>
        </annotation>
        <listOfReactants>
          <speciesReference species="transcript_vioE_biocrnpyler_776499" stoichiometry="1" constant="false"/>
          <speciesReference species="protein_Ribo_biocrnpyler_776499" stoichiometry="1" constant="false"/>
        </listOfReactants>
        <listOfProducts>
          <speciesReference species="complex_protein_Ribo_transcript_vioE_biocrnpyler_776499" stoichiometry="1" constant="false"/>
        </listOfProducts>
        <kineticLaw>
          <math xmlns="http://www.w3.org/1998/Math/MathML">
            <apply>
              <times/>
              <ci> k </ci>
              <ci> transcript_vioE_biocrnpyler_776499 </ci>
              <ci> protein_Ribo_biocrnpyler_776499 </ci>
            </apply>
          </math>
          <listOfLocalParameters>
            <localParameter id="k" value="100"/>
          </listOfLocalParameters>
        </kineticLaw>
      </reaction>
      <reaction id="r21_1_biocrnpyler_776499" name="r21_1" reversible="false">
        <annotation>
          <PropensityType> type=massaction k=10.0  </PropensityType>
        </annotation>
        <listOfReactants>
          <speciesReference species="complex_protein_Ribo_transcript_vioE_biocrnpyler_776499" stoichiometry="1" constant="false"/>
        </listOfReactants>
        <listOfProducts>
          <speciesReference species="transcript_vioE_biocrnpyler_776499" stoichiometry="1" constant="false"/>
          <speciesReference species="protein_Ribo_biocrnpyler_776499" stoichiometry="1" constant="false"/>
        </listOfProducts>
        <kineticLaw>
          <math xmlns="http://www.w3.org/1998/Math/MathML">
            <apply>
              <times/>
              <ci> k </ci>
              <ci> complex_protein_Ribo_transcript_vioE_biocrnpyler_776499 </ci>
            </apply>
          </math>
          <listOfLocalParameters>
            <localParameter id="k" value="10"/>
          </listOfLocalParameters>
        </kineticLaw>
      </reaction>
      <reaction id="r23_biocrnpyler_776499" name="r23" reversible="false">
        <annotation>
          <PropensityType> type=massaction k=0.05  </PropensityType>
        </annotation>
        <listOfReactants>
          <speciesReference species="complex_protein_Ribo_transcript_vioE_biocrnpyler_776499" stoichiometry="1" constant="false"/>
        </listOfReactants>
        <listOfProducts>
          <speciesReference species="transcript_vioE_biocrnpyler_776499" stoichiometry="1" constant="false"/>
          <speciesReference species="enzyme_VioE_biocrnpyler_776499" stoichiometry="1" constant="false"/>
          <speciesReference species="protein_Ribo_biocrnpyler_776499" stoichiometry="1" constant="false"/>
        </listOfProducts>
        <kineticLaw>
          <math xmlns="http://www.w3.org/1998/Math/MathML">
            <apply>
              <times/>
              <ci> k </ci>
              <ci> complex_protein_Ribo_transcript_vioE_biocrnpyler_776499 </ci>
            </apply>
          </math>
          <listOfLocalParameters>
            <localParameter id="k" value="0.05"/>
          </listOfLocalParameters>
        </kineticLaw>
      </reaction>
      <reaction id="r24_biocrnpyler_776499" name="r24" reversible="false">
        <annotation>
          <PropensityType> type=massaction k=100.0  </PropensityType>
        </annotation>
        <listOfReactants>
          <speciesReference species="transcript_vioE_biocrnpyler_776499" stoichiometry="1" constant="false"/>
          <speciesReference species="protein_RNAase_biocrnpyler_776499" stoichiometry="1" constant="false"/>
        </listOfReactants>
        <listOfProducts>
          <speciesReference species="complex_protein_RNAase_transcript_vioE_biocrnpyler_776499" stoichiometry="1" constant="false"/>
        </listOfProducts>
        <kineticLaw>
          <math xmlns="http://www.w3.org/1998/Math/MathML">
            <apply>
              <times/>
              <ci> k </ci>
              <ci> transcript_vioE_biocrnpyler_776499 </ci>
              <ci> protein_RNAase_biocrnpyler_776499 </ci>
            </apply>
          </math>
          <listOfLocalParameters>
            <localParameter id="k" value="100"/>
          </listOfLocalParameters>
        </kineticLaw>
      </reaction>
      <reaction id="r24_1_biocrnpyler_776499" name="r24_1" reversible="false">
        <annotation>
          <PropensityType> type=massaction k=10.0  </PropensityType>
        </annotation>
        <listOfReactants>
          <speciesReference species="complex_protein_RNAase_transcript_vioE_biocrnpyler_776499" stoichiometry="1" constant="false"/>
        </listOfReactants>
        <listOfProducts>
          <speciesReference species="transcript_vioE_biocrnpyler_776499" stoichiometry="1" constant="false"/>
          <speciesReference species="protein_RNAase_biocrnpyler_776499" stoichiometry="1" constant="false"/>
        </listOfProducts>
        <kineticLaw>
          <math xmlns="http://www.w3.org/1998/Math/MathML">
            <apply>
              <times/>
              <ci> k </ci>
              <ci> complex_protein_RNAase_transcript_vioE_biocrnpyler_776499 </ci>
            </apply>
          </math>
          <listOfLocalParameters>
            <localParameter id="k" value="10"/>
          </listOfLocalParameters>
        </kineticLaw>
      </reaction>
      <reaction id="r26_biocrnpyler_776499" name="r26" reversible="false">
        <annotation>
          <PropensityType> type=massaction k=0.001  </PropensityType>
        </annotation>
        <listOfReactants>
          <speciesReference species="complex_protein_RNAase_transcript_vioE_biocrnpyler_776499" stoichiometry="1" constant="false"/>
        </listOfReactants>
        <listOfProducts>
          <speciesReference species="protein_RNAase_biocrnpyler_776499" stoichiometry="1" constant="false"/>
        </listOfProducts>
        <kineticLaw>
          <math xmlns="http://www.w3.org/1998/Math/MathML">
            <apply>
              <times/>
              <ci> k </ci>
              <ci> complex_protein_RNAase_transcript_vioE_biocrnpyler_776499 </ci>
            </apply>
          </math>
          <listOfLocalParameters>
            <localParameter id="k" value="0.001"/>
          </listOfLocalParameters>
        </kineticLaw>
      </reaction>
      <reaction id="r27_biocrnpyler_776499" name="r27" reversible="false">
        <annotation>
          <PropensityType> type=massaction k=100.0  </PropensityType>
        </annotation>
        <listOfReactants>
          <speciesReference species="dna_dna_vioD_biocrnpyler_776499" stoichiometry="1" constant="false"/>
          <speciesReference species="protein_RNAP_biocrnpyler_776499" stoichiometry="1" constant="false"/>
        </listOfReactants>
        <listOfProducts>
          <speciesReference species="complex_dna_dna_vioD_protein_RNAP_biocrnpyler_776499" stoichiometry="1" constant="false"/>
        </listOfProducts>
        <kineticLaw>
          <math xmlns="http://www.w3.org/1998/Math/MathML">
            <apply>
              <times/>
              <ci> k </ci>
              <ci> dna_dna_vioD_biocrnpyler_776499 </ci>
              <ci> protein_RNAP_biocrnpyler_776499 </ci>
            </apply>
          </math>
          <listOfLocalParameters>
            <localParameter id="k" value="100"/>
          </listOfLocalParameters>
        </kineticLaw>
      </reaction>
      <reaction id="r27_1_biocrnpyler_776499" name="r27_1" reversible="false">
        <annotation>
          <PropensityType> type=massaction k=10.0  </PropensityType>
        </annotation>
        <listOfReactants>
          <speciesReference species="complex_dna_dna_vioD_protein_RNAP_biocrnpyler_776499" stoichiometry="1" constant="false"/>
        </listOfReactants>
        <listOfProducts>
          <speciesReference species="dna_dna_vioD_biocrnpyler_776499" stoichiometry="1" constant="false"/>
          <speciesReference species="protein_RNAP_biocrnpyler_776499" stoichiometry="1" constant="false"/>
        </listOfProducts>
        <kineticLaw>
          <math xmlns="http://www.w3.org/1998/Math/MathML">
            <apply>
              <times/>
              <ci> k </ci>
              <ci> complex_dna_dna_vioD_protein_RNAP_biocrnpyler_776499 </ci>
            </apply>
          </math>
          <listOfLocalParameters>
            <localParameter id="k" value="10"/>
          </listOfLocalParameters>
        </kineticLaw>
      </reaction>
      <reaction id="r29_biocrnpyler_776499" name="r29" reversible="false">
        <annotation>
          <PropensityType> type=massaction k=0.05  </PropensityType>
        </annotation>
        <listOfReactants>
          <speciesReference species="complex_dna_dna_vioD_protein_RNAP_biocrnpyler_776499" stoichiometry="1" constant="false"/>
        </listOfReactants>
        <listOfProducts>
          <speciesReference species="dna_dna_vioD_biocrnpyler_776499" stoichiometry="1" constant="false"/>
          <speciesReference species="transcript_vioD_biocrnpyler_776499" stoichiometry="1" constant="false"/>
          <speciesReference species="protein_RNAP_biocrnpyler_776499" stoichiometry="1" constant="false"/>
        </listOfProducts>
        <kineticLaw>
          <math xmlns="http://www.w3.org/1998/Math/MathML">
            <apply>
              <times/>
              <ci> k </ci>
              <ci> complex_dna_dna_vioD_protein_RNAP_biocrnpyler_776499 </ci>
            </apply>
          </math>
          <listOfLocalParameters>
            <localParameter id="k" value="0.05"/>
          </listOfLocalParameters>
        </kineticLaw>
      </reaction>
      <reaction id="r30_biocrnpyler_776499" name="r30" reversible="false">
        <annotation>
          <PropensityType> type=massaction k=100.0  </PropensityType>
        </annotation>
        <listOfReactants>
          <speciesReference species="transcript_vioD_biocrnpyler_776499" stoichiometry="1" constant="false"/>
          <speciesReference species="protein_Ribo_biocrnpyler_776499" stoichiometry="1" constant="false"/>
        </listOfReactants>
        <listOfProducts>
          <speciesReference species="complex_protein_Ribo_transcript_vioD_biocrnpyler_776499" stoichiometry="1" constant="false"/>
        </listOfProducts>
        <kineticLaw>
          <math xmlns="http://www.w3.org/1998/Math/MathML">
            <apply>
              <times/>
              <ci> k </ci>
              <ci> transcript_vioD_biocrnpyler_776499 </ci>
              <ci> protein_Ribo_biocrnpyler_776499 </ci>
            </apply>
          </math>
          <listOfLocalParameters>
            <localParameter id="k" value="100"/>
          </listOfLocalParameters>
        </kineticLaw>
      </reaction>
      <reaction id="r30_1_biocrnpyler_776499" name="r30_1" reversible="false">
        <annotation>
          <PropensityType> type=massaction k=10.0  </PropensityType>
        </annotation>
        <listOfReactants>
          <speciesReference species="complex_protein_Ribo_transcript_vioD_biocrnpyler_776499" stoichiometry="1" constant="false"/>
        </listOfReactants>
        <listOfProducts>
          <speciesReference species="transcript_vioD_biocrnpyler_776499" stoichiometry="1" constant="false"/>
          <speciesReference species="protein_Ribo_biocrnpyler_776499" stoichiometry="1" constant="false"/>
        </listOfProducts>
        <kineticLaw>
          <math xmlns="http://www.w3.org/1998/Math/MathML">
            <apply>
              <times/>
              <ci> k </ci>
              <ci> complex_protein_Ribo_transcript_vioD_biocrnpyler_776499 </ci>
            </apply>
          </math>
          <listOfLocalParameters>
            <localParameter id="k" value="10"/>
          </listOfLocalParameters>
        </kineticLaw>
      </reaction>
      <reaction id="r32_biocrnpyler_776499" name="r32" reversible="false">
        <annotation>
          <PropensityType> type=massaction k=0.05  </PropensityType>
        </annotation>
        <listOfReactants>
          <speciesReference species="complex_protein_Ribo_transcript_vioD_biocrnpyler_776499" stoichiometry="1" constant="false"/>
        </listOfReactants>
        <listOfProducts>
          <speciesReference species="transcript_vioD_biocrnpyler_776499" stoichiometry="1" constant="false"/>
          <speciesReference species="enzyme_VioD_biocrnpyler_776499" stoichiometry="1" constant="false"/>
          <speciesReference species="protein_Ribo_biocrnpyler_776499" stoichiometry="1" constant="false"/>
        </listOfProducts>
        <kineticLaw>
          <math xmlns="http://www.w3.org/1998/Math/MathML">
            <apply>
              <times/>
              <ci> k </ci>
              <ci> complex_protein_Ribo_transcript_vioD_biocrnpyler_776499 </ci>
            </apply>
          </math>
          <listOfLocalParameters>
            <localParameter id="k" value="0.05"/>
          </listOfLocalParameters>
        </kineticLaw>
      </reaction>
      <reaction id="r33_biocrnpyler_776499" name="r33" reversible="false">
        <annotation>
          <PropensityType> type=massaction k=100.0  </PropensityType>
        </annotation>
        <listOfReactants>
          <speciesReference species="transcript_vioD_biocrnpyler_776499" stoichiometry="1" constant="false"/>
          <speciesReference species="protein_RNAase_biocrnpyler_776499" stoichiometry="1" constant="false"/>
        </listOfReactants>
        <listOfProducts>
          <speciesReference species="complex_protein_RNAase_transcript_vioD_biocrnpyler_776499" stoichiometry="1" constant="false"/>
        </listOfProducts>
        <kineticLaw>
          <math xmlns="http://www.w3.org/1998/Math/MathML">
            <apply>
              <times/>
              <ci> k </ci>
              <ci> transcript_vioD_biocrnpyler_776499 </ci>
              <ci> protein_RNAase_biocrnpyler_776499 </ci>
            </apply>
          </math>
          <listOfLocalParameters>
            <localParameter id="k" value="100"/>
          </listOfLocalParameters>
        </kineticLaw>
      </reaction>
      <reaction id="r33_1_biocrnpyler_776499" name="r33_1" reversible="false">
        <annotation>
          <PropensityType> type=massaction k=10.0  </PropensityType>
        </annotation>
        <listOfReactants>
          <speciesReference species="complex_protein_RNAase_transcript_vioD_biocrnpyler_776499" stoichiometry="1" constant="false"/>
        </listOfReactants>
        <listOfProducts>
          <speciesReference species="transcript_vioD_biocrnpyler_776499" stoichiometry="1" constant="false"/>
          <speciesReference species="protein_RNAase_biocrnpyler_776499" stoichiometry="1" constant="false"/>
        </listOfProducts>
        <kineticLaw>
          <math xmlns="http://www.w3.org/1998/Math/MathML">
            <apply>
              <times/>
              <ci> k </ci>
              <ci> complex_protein_RNAase_transcript_vioD_biocrnpyler_776499 </ci>
            </apply>
          </math>
          <listOfLocalParameters>
            <localParameter id="k" value="10"/>
          </listOfLocalParameters>
        </kineticLaw>
      </reaction>
      <reaction id="r35_biocrnpyler_776499" name="r35" reversible="false">
        <annotation>
          <PropensityType> type=massaction k=0.001  </PropensityType>
        </annotation>
        <listOfReactants>
          <speciesReference species="complex_protein_RNAase_transcript_vioD_biocrnpyler_776499" stoichiometry="1" constant="false"/>
        </listOfReactants>
        <listOfProducts>
          <speciesReference species="protein_RNAase_biocrnpyler_776499" stoichiometry="1" constant="false"/>
        </listOfProducts>
        <kineticLaw>
          <math xmlns="http://www.w3.org/1998/Math/MathML">
            <apply>
              <times/>
              <ci> k </ci>
              <ci> complex_protein_RNAase_transcript_vioD_biocrnpyler_776499 </ci>
            </apply>
          </math>
          <listOfLocalParameters>
            <localParameter id="k" value="0.001"/>
          </listOfLocalParameters>
        </kineticLaw>
      </reaction>
      <reaction id="r36_biocrnpyler_776499" name="r36" reversible="false">
        <annotation>
          <PropensityType> type=massaction k=10  </PropensityType>
        </annotation>
        <listOfReactants>
          <speciesReference species="TRP_biocrnpyler_776499" stoichiometry="1" constant="false"/>
          <speciesReference species="enzyme_VioA_biocrnpyler_776499" stoichiometry="1" constant="false"/>
        </listOfReactants>
        <listOfProducts>
          <speciesReference species="complex_TRP_enzyme_VioA_biocrnpyler_776499" stoichiometry="1" constant="false"/>
        </listOfProducts>
        <kineticLaw>
          <math xmlns="http://www.w3.org/1998/Math/MathML">
            <apply>
              <times/>
              <ci> k </ci>
              <ci> TRP_biocrnpyler_776499 </ci>
              <ci> enzyme_VioA_biocrnpyler_776499 </ci>
            </apply>
          </math>
          <listOfLocalParameters>
            <localParameter id="k" value="10"/>
          </listOfLocalParameters>
        </kineticLaw>
      </reaction>
      <reaction id="r36_1_biocrnpyler_776499" name="r36_1" reversible="false">
        <annotation>
          <PropensityType> type=massaction k=1  </PropensityType>
        </annotation>
        <listOfReactants>
          <speciesReference species="complex_TRP_enzyme_VioA_biocrnpyler_776499" stoichiometry="1" constant="false"/>
        </listOfReactants>
        <listOfProducts>
          <speciesReference species="TRP_biocrnpyler_776499" stoichiometry="1" constant="false"/>
          <speciesReference species="enzyme_VioA_biocrnpyler_776499" stoichiometry="1" constant="false"/>
        </listOfProducts>
        <kineticLaw>
          <math xmlns="http://www.w3.org/1998/Math/MathML">
            <apply>
              <times/>
              <ci> k </ci>
              <ci> complex_TRP_enzyme_VioA_biocrnpyler_776499 </ci>
            </apply>
          </math>
          <listOfLocalParameters>
            <localParameter id="k" value="1"/>
          </listOfLocalParameters>
        </kineticLaw>
      </reaction>
      <reaction id="r38_biocrnpyler_776499" name="r38" reversible="false">
        <annotation>
          <PropensityType> type=massaction k=203  </PropensityType>
        </annotation>
        <listOfReactants>
          <speciesReference species="complex_TRP_enzyme_VioA_biocrnpyler_776499" stoichiometry="1" constant="false"/>
        </listOfReactants>
        <listOfProducts>
          <speciesReference species="IPA_imine_biocrnpyler_776499" stoichiometry="1" constant="false"/>
          <speciesReference species="enzyme_VioA_biocrnpyler_776499" stoichiometry="1" constant="false"/>
        </listOfProducts>
        <kineticLaw>
          <math xmlns="http://www.w3.org/1998/Math/MathML">
            <apply>
              <times/>
              <ci> k </ci>
              <ci> complex_TRP_enzyme_VioA_biocrnpyler_776499 </ci>
            </apply>
          </math>
          <listOfLocalParameters>
            <localParameter id="k" value="203"/>
          </listOfLocalParameters>
        </kineticLaw>
      </reaction>
      <reaction id="r39_biocrnpyler_776499" name="r39" reversible="false">
        <annotation>
          <PropensityType> type=massaction k=10  </PropensityType>
        </annotation>
        <listOfReactants>
          <speciesReference species="IPA_imine_biocrnpyler_776499" stoichiometry="2" constant="false"/>
          <speciesReference species="enzyme_VioB_biocrnpyler_776499" stoichiometry="1" constant="false"/>
        </listOfReactants>
        <listOfProducts>
          <speciesReference species="complex_2x_IPA_imine_enzyme_VioB_biocrnpyler_776499" stoichiometry="1" constant="false"/>
        </listOfProducts>
        <kineticLaw>
          <math xmlns="http://www.w3.org/1998/Math/MathML">
            <apply>
              <times/>
              <ci> k </ci>
              <apply>
                <power/>
                <ci> IPA_imine_biocrnpyler_776499 </ci>
                <cn type="integer"> 2 </cn>
              </apply>
              <ci> enzyme_VioB_biocrnpyler_776499 </ci>
            </apply>
          </math>
          <listOfLocalParameters>
            <localParameter id="k" value="10"/>
          </listOfLocalParameters>
        </kineticLaw>
      </reaction>
      <reaction id="r39_1_biocrnpyler_776499" name="r39_1" reversible="false">
        <annotation>
          <PropensityType> type=massaction k=1  </PropensityType>
        </annotation>
        <listOfReactants>
          <speciesReference species="complex_2x_IPA_imine_enzyme_VioB_biocrnpyler_776499" stoichiometry="1" constant="false"/>
        </listOfReactants>
        <listOfProducts>
          <speciesReference species="IPA_imine_biocrnpyler_776499" stoichiometry="2" constant="false"/>
          <speciesReference species="enzyme_VioB_biocrnpyler_776499" stoichiometry="1" constant="false"/>
        </listOfProducts>
        <kineticLaw>
          <math xmlns="http://www.w3.org/1998/Math/MathML">
            <apply>
              <times/>
              <ci> k </ci>
              <ci> complex_2x_IPA_imine_enzyme_VioB_biocrnpyler_776499 </ci>
            </apply>
          </math>
          <listOfLocalParameters>
            <localParameter id="k" value="1"/>
          </listOfLocalParameters>
        </kineticLaw>
      </reaction>
      <reaction id="r41_biocrnpyler_776499" name="r41" reversible="false">
        <annotation>
          <PropensityType> type=massaction k=4500.0  </PropensityType>
        </annotation>
        <listOfReactants>
          <speciesReference species="complex_2x_IPA_imine_enzyme_VioB_biocrnpyler_776499" stoichiometry="1" constant="false"/>
        </listOfReactants>
        <listOfProducts>
          <speciesReference species="IPA_imine_dimer_biocrnpyler_776499" stoichiometry="1" constant="false"/>
          <speciesReference species="enzyme_VioB_biocrnpyler_776499" stoichiometry="1" constant="false"/>
        </listOfProducts>
        <kineticLaw>
          <math xmlns="http://www.w3.org/1998/Math/MathML">
            <apply>
              <times/>
              <ci> k </ci>
              <ci> complex_2x_IPA_imine_enzyme_VioB_biocrnpyler_776499 </ci>
            </apply>
          </math>
          <listOfLocalParameters>
            <localParameter id="k" value="4500"/>
          </listOfLocalParameters>
        </kineticLaw>
      </reaction>
      <reaction id="r42_biocrnpyler_776499" name="r42" reversible="false">
        <annotation>
          <PropensityType> type=massaction k=100.0  </PropensityType>
        </annotation>
        <listOfReactants>
          <speciesReference species="IPA_imine_dimer_biocrnpyler_776499" stoichiometry="1" constant="false"/>
          <speciesReference species="enzyme_VioE_biocrnpyler_776499" stoichiometry="1" constant="false"/>
        </listOfReactants>
        <listOfProducts>
          <speciesReference species="complex_IPA_imine_dimer_enzyme_VioE_biocrnpyler_776499" stoichiometry="1" constant="false"/>
        </listOfProducts>
        <kineticLaw>
          <math xmlns="http://www.w3.org/1998/Math/MathML">
            <apply>
              <times/>
              <ci> k </ci>
              <ci> IPA_imine_dimer_biocrnpyler_776499 </ci>
              <ci> enzyme_VioE_biocrnpyler_776499 </ci>
            </apply>
          </math>
          <listOfLocalParameters>
            <localParameter id="k" value="100"/>
          </listOfLocalParameters>
        </kineticLaw>
      </reaction>
      <reaction id="r42_1_biocrnpyler_776499" name="r42_1" reversible="false">
        <annotation>
          <PropensityType> type=massaction k=10.0  </PropensityType>
        </annotation>
        <listOfReactants>
          <speciesReference species="complex_IPA_imine_dimer_enzyme_VioE_biocrnpyler_776499" stoichiometry="1" constant="false"/>
        </listOfReactants>
        <listOfProducts>
          <speciesReference species="IPA_imine_dimer_biocrnpyler_776499" stoichiometry="1" constant="false"/>
          <speciesReference species="enzyme_VioE_biocrnpyler_776499" stoichiometry="1" constant="false"/>
        </listOfProducts>
        <kineticLaw>
          <math xmlns="http://www.w3.org/1998/Math/MathML">
            <apply>
              <times/>
              <ci> k </ci>
              <ci> complex_IPA_imine_dimer_enzyme_VioE_biocrnpyler_776499 </ci>
            </apply>
          </math>
          <listOfLocalParameters>
            <localParameter id="k" value="10"/>
          </listOfLocalParameters>
        </kineticLaw>
      </reaction>
      <reaction id="r44_biocrnpyler_776499" name="r44" reversible="false">
        <annotation>
          <PropensityType> type=massaction k=100  </PropensityType>
        </annotation>
        <listOfReactants>
          <speciesReference species="complex_IPA_imine_dimer_enzyme_VioE_biocrnpyler_776499" stoichiometry="1" constant="false"/>
        </listOfReactants>
        <listOfProducts>
          <speciesReference species="PTDVA_2_combined" stoichiometry="1" constant="false"/>
          <speciesReference species="enzyme_VioE_biocrnpyler_776499" stoichiometry="1" constant="false"/>
        </listOfProducts>
        <kineticLaw>
          <math xmlns="http://www.w3.org/1998/Math/MathML">
            <apply>
              <times/>
              <ci> k </ci>
              <ci> complex_IPA_imine_dimer_enzyme_VioE_biocrnpyler_776499 </ci>
            </apply>
          </math>
          <listOfLocalParameters>
            <localParameter id="k" value="100"/>
          </listOfLocalParameters>
        </kineticLaw>
      </reaction>
      <reaction id="r45_biocrnpyler_776499" name="r45" reversible="false">
        <annotation>
          <PropensityType> type=massaction k=100.0  </PropensityType>
        </annotation>
        <listOfReactants>
          <speciesReference species="PTDVA_2_combined" stoichiometry="1" constant="false"/>
          <speciesReference species="enzyme_VioD_biocrnpyler_776499" stoichiometry="1" constant="false"/>
        </listOfReactants>
        <listOfProducts>
          <speciesReference species="complex_PTDVA_enzyme_VioD_biocrnpyler_776499" stoichiometry="1" constant="false"/>
        </listOfProducts>
        <kineticLaw>
          <math xmlns="http://www.w3.org/1998/Math/MathML">
            <apply>
              <times/>
              <ci> k </ci>
              <ci> PTDVA_2_combined </ci>
              <ci> enzyme_VioD_biocrnpyler_776499 </ci>
            </apply>
          </math>
          <listOfLocalParameters>
            <localParameter id="k" value="100"/>
          </listOfLocalParameters>
        </kineticLaw>
      </reaction>
      <reaction id="r45_1_biocrnpyler_776499" name="r45_1" reversible="false">
        <annotation>
          <PropensityType> type=massaction k=10.0  </PropensityType>
        </annotation>
        <listOfReactants>
          <speciesReference species="complex_PTDVA_enzyme_VioD_biocrnpyler_776499" stoichiometry="1" constant="false"/>
        </listOfReactants>
        <listOfProducts>
          <speciesReference species="PTDVA_2_combined" stoichiometry="1" constant="false"/>
          <speciesReference species="enzyme_VioD_biocrnpyler_776499" stoichiometry="1" constant="false"/>
        </listOfProducts>
        <kineticLaw>
          <math xmlns="http://www.w3.org/1998/Math/MathML">
            <apply>
              <times/>
              <ci> k </ci>
              <ci> complex_PTDVA_enzyme_VioD_biocrnpyler_776499 </ci>
            </apply>
          </math>
          <listOfLocalParameters>
            <localParameter id="k" value="10"/>
          </listOfLocalParameters>
        </kineticLaw>
      </reaction>
      <reaction id="r47_biocrnpyler_776499" name="r47" reversible="false">
        <annotation>
          <PropensityType> type=massaction k=100  </PropensityType>
        </annotation>
        <listOfReactants>
          <speciesReference species="complex_PTDVA_enzyme_VioD_biocrnpyler_776499" stoichiometry="1" constant="false"/>
        </listOfReactants>
        <listOfProducts>
          <speciesReference species="PTVA_2_combined" stoichiometry="1" constant="false"/>
          <speciesReference species="enzyme_VioD_biocrnpyler_776499" stoichiometry="1" constant="false"/>
        </listOfProducts>
        <kineticLaw>
          <math xmlns="http://www.w3.org/1998/Math/MathML">
            <apply>
              <times/>
              <ci> k </ci>
              <ci> complex_PTDVA_enzyme_VioD_biocrnpyler_776499 </ci>
            </apply>
          </math>
          <listOfLocalParameters>
            <localParameter id="k" value="100"/>
          </listOfLocalParameters>
        </kineticLaw>
      </reaction>
    </listOfReactions>
  </model>
</sbml>
