<?xml version="1.0" encoding="UTF-8"?>
<sbml xmlns="http://www.sbml.org/sbml/level3/version2/core" level="3" version="2">
  <model id="ahl_membrane" substanceUnits="substance" timeUnits="second" extentUnits="mole">
    <listOfUnitDefinitions>
      <unitDefinition id="per_second">
        <listOfUnits>
          <unit kind="second" exponent="-1" scale="0" multiplier="1"/>
        </listOfUnits>
      </unitDefinition>
      <unitDefinition id="substance">
        <listOfUnits>
          <unit kind="dimensionless" exponent="1" scale="0" multiplier="1"/>
        </listOfUnits>
      </unitDefinition>
    </listOfUnitDefinitions>
    <listOfCompartments>
      <compartment id="internal" name="internal" spatialDimensions="3" size="2e-06" units="litre" constant="true"/>
      <compartment id="external" name="external" spatialDimensions="3" size="1e-06" units="litre" constant="true"/>
    </listOfCompartments>
    <listOfSpecies>
      <species id="PTVA" name="PTVA" compartment="external" initialConcentration="0" substanceUnits="substance" hasOnlySubstanceUnits="false" boundaryCondition="false" constant="false"/>
      <species id="PTVA_1" name="PTVA" compartment="internal" initialConcentration="0" substanceUnits="substance" hasOnlySubstanceUnits="false" boundaryCondition="false" constant="false"/>
      <species id="PTDVA" name="PTDVA" compartment="external" initialConcentration="0" substanceUnits="substance" hasOnlySubstanceUnits="false" boundaryCondition="false" constant="false"/>
      <species id="PTDVA_1" name="PTDVA" compartment="internal" initialConcentration="0" substanceUnits="substance" hasOnlySubstanceUnits="false" boundaryCondition="false" constant="false"/>
    </listOfSpecies>
    <listOfParameters>
      <parameter id="kb" name="kb" value="2" units="per_second" constant="false"/>
      <parameter id="kd" name="kd" value="10" units="per_second" constant="false"/>
    </listOfParameters>
    <listOfReactions>
      <reaction id="r3" reversible="true">
        <listOfReactants>
          <speciesReference species="PTVA" stoichiometry="1" constant="false"/>
        </listOfReactants>
        <listOfProducts>
          <speciesReference species="PTVA_1" stoichiometry="1" constant="false"/>
        </listOfProducts>
        <kineticLaw>
          <math xmlns="http://www.w3.org/1998/Math/MathML">
            <apply>
              <minus/>
              <apply>
                <times/>
                <ci> kb </ci>
                <ci> PTVA </ci>
              </apply>
              <apply>
                <times/>
                <ci> kd </ci>
                <ci> PTVA_1 </ci>
              </apply>
            </apply>
          </math>
        </kineticLaw>
      </reaction>
      <reaction id="r4" reversible="true">
        <listOfReactants>
          <speciesReference species="PTDVA" stoichiometry="1" constant="false"/>
        </listOfReactants>
        <listOfProducts>
          <speciesReference species="PTDVA_1" stoichiometry="1" constant="false"/>
        </listOfProducts>
        <kineticLaw>
          <math xmlns="http://www.w3.org/1998/Math/MathML">
            <apply>
              <minus/>
              <apply>
                <times/>
                <ci> kb </ci>
                <ci> PTDVA </ci>
              </apply>
              <apply>
                <times/>
                <ci> kd </ci>
                <ci> PTDVA_1 </ci>
              </apply>
            </apply>
          </math>
        </kineticLaw>
      </reaction>
    </listOfReactions>
  </model>
</sbml>
